--CRIAÇÃO BANCOS E AGÊNCIAS

INSERT INTO BANCO (ID_BANCO, NOME) VALUES ('011', 'Alfa');
INSERT INTO BANCO (ID_BANCO, NOME) VALUES ('241', 'Beta');
INSERT INTO BANCO (ID_BANCO, NOME) VALUES ('307', 'Omega');


INSERT INTO ENDERECO(ID_ENDERECO, TIPO_ENDERECO, LOGRADOURO, NUMERO, COMPLEMENTO, PAIS) VALUES (ENDERECO_SEQ.NEXTVAL, 'AGENCIA', 'Rua Testando', 55, 'Loja 1', 'Brasil');
INSERT INTO AGENCIA (ID_AGENCIA, ID_BANCO, NOME, FK_ENDERECO) VALUES ('0001', '011', 'web', 1);

INSERT INTO ENDERECO(ID_ENDERECO, TIPO_ENDERECO, LOGRADOURO, NUMERO, BAIRRO, CIDADE, ESTADO, PAIS) VALUES (ENDERECO_SEQ.NEXTVAL, 'AGENCIA', 'Rua Testing', 122, 'Between Hyde n Powell Streets', 'San Francisco', 'California', 'EUA');
INSERT INTO AGENCIA (ID_AGENCIA, ID_BANCO, NOME, FK_ENDERECO) VALUES ('0002', '011','California', 2);

INSERT INTO ENDERECO(ID_ENDERECO, TIPO_ENDERECO, LOGRADOURO, NUMERO, BAIRRO, CIDADE, ESTADO, PAIS) VALUES (ENDERECO_SEQ.NEXTVAL, 'AGENCIA', 'Rua Tesing', 525, 'Croydon', 'Londres', 'Boroughs', 'England');
INSERT INTO AGENCIA (ID_AGENCIA, ID_BANCO, NOME, FK_ENDERECO) VALUES ('0101', '011','Londres', 3);

INSERT INTO ENDERECO(ID_ENDERECO, TIPO_ENDERECO, LOGRADOURO, NUMERO, COMPLEMENTO, PAIS) VALUES (ENDERECO_SEQ.NEXTVAL, 'AGENCIA', 'Rua Testando', 55, 'Loja 2', 'Brasil');
INSERT INTO AGENCIA (ID_AGENCIA, ID_BANCO, NOME, FK_ENDERECO) VALUES ('0001', '241', 'web', 4);

INSERT INTO ENDERECO(ID_ENDERECO, TIPO_ENDERECO, LOGRADOURO, NUMERO, COMPLEMENTO, PAIS) VALUES (ENDERECO_SEQ.NEXTVAL, 'AGENCIA', 'Rua Testando', 55, 'Loja 3', 'Brasil');
INSERT INTO AGENCIA (ID_AGENCIA, ID_BANCO, NOME, FK_ENDERECO) VALUES ('0001', '307', 'web', 5);

INSERT INTO ENDERECO(ID_ENDERECO, TIPO_ENDERECO, LOGRADOURO, NUMERO, BAIRRO, CIDADE, ESTADO, PAIS) VALUES (ENDERECO_SEQ.NEXTVAL, 'AGENCIA', 'Rua do meio', 2233, 'Qualquer', 'Itu', 'São Paulo', 'Brasil');
INSERT INTO AGENCIA (ID_AGENCIA, ID_BANCO, NOME, FK_ENDERECO) VALUES ('8761', '307', 'Itu', 6);

INSERT INTO ENDERECO(ID_ENDERECO, TIPO_ENDERECO, LOGRADOURO, NUMERO, BAIRRO, CIDADE, ESTADO, PAIS) VALUES (ENDERECO_SEQ.NEXTVAL, 'AGENCIA', 'Rua da Boca', 222, 'Caminito', 'Buenos Aires', 'Buenos Aires', 'Argentina');
INSERT INTO AGENCIA (ID_AGENCIA, ID_BANCO, NOME, FK_ENDERECO) VALUES ('4567', '307','Hermana', 7);


--ADIÇÃO DE CLIENTES

INSERT INTO ENDERECO(ID_ENDERECO, TIPO_ENDERECO, LOGRADOURO, NUMERO, COMPLEMENTO, CIDADE, PAIS) VALUES (ENDERECO_SEQ.NEXTVAL, 'CLIENTE', 'Rua Testando', 55, 'Ap 205', 'Porto Alegre', 'Brasil');
INSERT INTO CLIENTE (CPF, NOME, ESTADO_CIVIL, DATA_NASCIMENTO, FK_ENDERECO) VALUES ('034.345.323-11','JOÃO', 'SOLTEIRO', TO_DATE('11/01/1982', 'DD/MM/YYYY'), 8);

INSERT INTO ENDERECO(ID_ENDERECO, TIPO_ENDERECO, LOGRADOURO, NUMERO, COMPLEMENTO, CIDADE, PAIS) VALUES (ENDERECO_SEQ.NEXTVAL, 'CLIENTE', 'Rua Testando', 5123, 'Ap 205', 'Porto Alegre', 'Brasil');
INSERT INTO CLIENTE (CPF, NOME, ESTADO_CIVIL, DATA_NASCIMENTO, FK_ENDERECO) VALUES ('534.345.323-11','PEDRO', 'SOLTEIRO', TO_DATE('11/01/1982', 'DD/MM/YYYY'), 9);

INSERT INTO ENDERECO(ID_ENDERECO, TIPO_ENDERECO, LOGRADOURO, NUMERO, COMPLEMENTO, CIDADE, PAIS) VALUES (ENDERECO_SEQ.NEXTVAL, 'CLIENTE', 'Rua Test', 55, 'Ap 205', 'Porto Alegre', 'Brasil');
INSERT INTO CLIENTE (CPF, NOME, ESTADO_CIVIL, DATA_NASCIMENTO, FK_ENDERECO) VALUES ('534.315.323-11','PAULA', 'SOLTEIRO', TO_DATE('11/01/1982', 'DD/MM/YYYY'), 10);

INSERT INTO ENDERECO(ID_ENDERECO, TIPO_ENDERECO, LOGRADOURO, NUMERO, COMPLEMENTO, CIDADE, PAIS) VALUES (ENDERECO_SEQ.NEXTVAL, 'CLIENTE', 'Rua Galves', 55, 'Ap 205', 'Porto Alegre', 'Brasil');
INSERT INTO CLIENTE (CPF, NOME, ESTADO_CIVIL, DATA_NASCIMENTO, FK_ENDERECO) VALUES ('034.345.363-11','JAQUE', 'SOLTEIRO', TO_DATE('11/01/1982', 'DD/MM/YYYY'), 11);

INSERT INTO ENDERECO(ID_ENDERECO, TIPO_ENDERECO, LOGRADOURO, NUMERO, COMPLEMENTO, CIDADE, PAIS) VALUES (ENDERECO_SEQ.NEXTVAL, 'CLIENTE', 'Rua Tedo', 55, 'Ap 205', 'Porto Alegre', 'Brasil');
INSERT INTO CLIENTE (CPF, NOME, ESTADO_CIVIL, DATA_NASCIMENTO, FK_ENDERECO) VALUES ('035.345.323-11','JORGE', 'SOLTEIRO', TO_DATE('11/01/1982', 'DD/MM/YYYY'), 12);

INSERT INTO ENDERECO(ID_ENDERECO, TIPO_ENDERECO, LOGRADOURO, NUMERO, COMPLEMENTO, CIDADE, PAIS) VALUES (ENDERECO_SEQ.NEXTVAL, 'CLIENTE', 'Rua Ulrich', 55, 'Ap 205', 'Porto Alegre', 'Brasil');
INSERT INTO CLIENTE (CPF, NOME, ESTADO_CIVIL, DATA_NASCIMENTO, FK_ENDERECO) VALUES ('004.345.323-11','JOÃO', 'SOLTEIRO', TO_DATE('11/01/1982', 'DD/MM/YYYY'), 13);

INSERT INTO ENDERECO(ID_ENDERECO, TIPO_ENDERECO, LOGRADOURO, NUMERO, COMPLEMENTO, CIDADE, PAIS) VALUES (ENDERECO_SEQ.NEXTVAL, 'CLIENTE', 'Rua Cavalhada', 55, 'Ap 205', 'Porto Alegre', 'Brasil');
INSERT INTO CLIENTE (CPF, NOME, ESTADO_CIVIL, DATA_NASCIMENTO, FK_ENDERECO) VALUES ('094.345.323-11','HENRIQUE', 'SOLTEIRO', TO_DATE('11/01/1982', 'DD/MM/YYYY'), 14);

INSERT INTO ENDERECO(ID_ENDERECO, TIPO_ENDERECO, LOGRADOURO, NUMERO, COMPLEMENTO, CIDADE, PAIS) VALUES (ENDERECO_SEQ.NEXTVAL, 'CLIENTE', 'Rua Manuel Pedro', 55, 'Ap 205', 'Porto Alegre', 'Brasil');
INSERT INTO CLIENTE (CPF, NOME, ESTADO_CIVIL, DATA_NASCIMENTO, FK_ENDERECO) VALUES ('014.345.323-11','JOAQUIM', 'SOLTEIRO', TO_DATE('11/01/1982', 'DD/MM/YYYY'), 15);

INSERT INTO ENDERECO(ID_ENDERECO, TIPO_ENDERECO, LOGRADOURO, NUMERO, COMPLEMENTO, CIDADE, PAIS) VALUES (ENDERECO_SEQ.NEXTVAL, 'CLIENTE', 'Rua Triadie', 55, 'Ap 205', 'Porto Alegre', 'Brasil');
INSERT INTO CLIENTE (CPF, NOME, ESTADO_CIVIL, DATA_NASCIMENTO, FK_ENDERECO) VALUES ('074.345.323-11','ELISA', 'SOLTEIRO', TO_DATE('11/01/1982', 'DD/MM/YYYY'), 16);

INSERT INTO ENDERECO(ID_ENDERECO, TIPO_ENDERECO, LOGRADOURO, NUMERO, COMPLEMENTO, CIDADE, PAIS) VALUES (ENDERECO_SEQ.NEXTVAL, 'CLIENTE', 'Rua Jornada', 55, 'Ap 205', 'Porto Alegre', 'Brasil');
INSERT INTO CLIENTE (CPF, NOME, ESTADO_CIVIL, DATA_NASCIMENTO, FK_ENDERECO) VALUES ('030.345.321-11','GABRIEL', 'SOLTEIRO', TO_DATE('11/01/1982', 'DD/MM/YYYY'), 17);

INSERT INTO ENDERECO(ID_ENDERECO, TIPO_ENDERECO, LOGRADOURO, NUMERO, COMPLEMENTO, CIDADE, PAIS) VALUES (ENDERECO_SEQ.NEXTVAL, 'CLIENTE', 'Rua Chagada', 55, 'Ap 205', 'Porto Alegre', 'Brasil');
INSERT INTO CLIENTE (CPF, NOME, ESTADO_CIVIL, DATA_NASCIMENTO, FK_ENDERECO) VALUES ('034.341.323-11','HELENA', 'SOLTEIRO', TO_DATE('11/01/1982', 'DD/MM/YYYY'), 18);

INSERT INTO ENDERECO(ID_ENDERECO, TIPO_ENDERECO, LOGRADOURO, NUMERO, COMPLEMENTO, CIDADE, PAIS) VALUES (ENDERECO_SEQ.NEXTVAL, 'CLIENTE', 'Rua Viajada', 55, 'Ap 205', 'Porto Alegre', 'Brasil');
INSERT INTO CLIENTE (CPF, NOME, ESTADO_CIVIL, DATA_NASCIMENTO, FK_ENDERECO) VALUES ('034.345.323-12','CARLOS', 'SOLTEIRO', TO_DATE('11/01/1982', 'DD/MM/YYYY'), 19);

INSERT INTO ENDERECO(ID_ENDERECO, TIPO_ENDERECO, LOGRADOURO, NUMERO, COMPLEMENTO, CIDADE, PAIS) VALUES (ENDERECO_SEQ.NEXTVAL, 'CLIENTE', 'Rua Tonelada', 55, 'Ap 205', 'Porto Alegre', 'Brasil');
INSERT INTO CLIENTE (CPF, NOME, ESTADO_CIVIL, DATA_NASCIMENTO, FK_ENDERECO) VALUES ('034.345.323-13','JOÃO', 'SOLTEIRO', TO_DATE('11/01/1982', 'DD/MM/YYYY'), 20);

INSERT INTO ENDERECO(ID_ENDERECO, TIPO_ENDERECO, LOGRADOURO, NUMERO, COMPLEMENTO, CIDADE, PAIS) VALUES (ENDERECO_SEQ.NEXTVAL, 'CLIENTE', 'Rua Pedrada', 55, 'Ap 205', 'Porto Alegre', 'Brasil');
INSERT INTO CLIENTE (CPF, NOME, ESTADO_CIVIL, DATA_NASCIMENTO, FK_ENDERECO) VALUES ('034.345.323-14','JOÃO', 'SOLTEIRO', TO_DATE('11/01/1982', 'DD/MM/YYYY'), 21);

INSERT INTO ENDERECO(ID_ENDERECO, TIPO_ENDERECO, LOGRADOURO, NUMERO, COMPLEMENTO, CIDADE, PAIS) VALUES (ENDERECO_SEQ.NEXTVAL, 'CLIENTE', 'Rua Parada', 55, 'Ap 205', 'Porto Alegre', 'Brasil');
INSERT INTO CLIENTE (CPF, NOME, ESTADO_CIVIL, DATA_NASCIMENTO, FK_ENDERECO) VALUES ('034.345.323-15','HELENA', 'SOLTEIRO', TO_DATE('11/01/1982', 'DD/MM/YYYY'), 22);

INSERT INTO ENDERECO(ID_ENDERECO, TIPO_ENDERECO, LOGRADOURO, NUMERO, COMPLEMENTO, CIDADE, PAIS) VALUES (ENDERECO_SEQ.NEXTVAL, 'CLIENTE', 'Rua Magoada', 55, 'Ap 205', 'Porto Alegre', 'Brasil');
INSERT INTO CLIENTE (CPF, NOME, ESTADO_CIVIL, DATA_NASCIMENTO, FK_ENDERECO) VALUES ('034.345.323-16','JOÃO', 'SOLTEIRO', TO_DATE('11/01/1982', 'DD/MM/YYYY'), 23);

INSERT INTO ENDERECO(ID_ENDERECO, TIPO_ENDERECO, LOGRADOURO, NUMERO, COMPLEMENTO, CIDADE, PAIS) VALUES (ENDERECO_SEQ.NEXTVAL, 'CLIENTE', 'Rua Tensionada', 55, 'Ap 205', 'Porto Alegre', 'Brasil');
INSERT INTO CLIENTE (CPF, NOME, ESTADO_CIVIL, DATA_NASCIMENTO, FK_ENDERECO) VALUES ('034.345.323-17','JOÃO', 'SOLTEIRO', TO_DATE('11/01/1982', 'DD/MM/YYYY'), 24);

INSERT INTO ENDERECO(ID_ENDERECO, TIPO_ENDERECO, LOGRADOURO, NUMERO, COMPLEMENTO, CIDADE, PAIS) VALUES (ENDERECO_SEQ.NEXTVAL, 'CLIENTE', 'Rua Pegada', 55, 'Ap 205', 'Porto Alegre', 'Brasil');
INSERT INTO CLIENTE (CPF, NOME, ESTADO_CIVIL, DATA_NASCIMENTO, FK_ENDERECO) VALUES ('034.345.323-18','HELENA', 'SOLTEIRO', TO_DATE('11/01/1982', 'DD/MM/YYYY'), 25);

INSERT INTO ENDERECO(ID_ENDERECO, TIPO_ENDERECO, LOGRADOURO, NUMERO, COMPLEMENTO, CIDADE, PAIS) VALUES (ENDERECO_SEQ.NEXTVAL, 'CLIENTE', 'Rua Cavalhada', 55, 'Ap 205', 'Porto Alegre', 'Brasil');
INSERT INTO CLIENTE (CPF, NOME, ESTADO_CIVIL, DATA_NASCIMENTO, FK_ENDERECO) VALUES ('034.345.323-19','JOÃO', 'SOLTEIRO', TO_DATE('11/01/1982', 'DD/MM/YYYY'), 26);

INSERT INTO ENDERECO(ID_ENDERECO, TIPO_ENDERECO, LOGRADOURO, NUMERO, COMPLEMENTO, CIDADE, PAIS) VALUES (ENDERECO_SEQ.NEXTVAL, 'CLIENTE', 'Rua Escorada', 55, 'Ap 205', 'Porto Alegre', 'Brasil');
INSERT INTO CLIENTE (CPF, NOME, ESTADO_CIVIL, DATA_NASCIMENTO, FK_ENDERECO) VALUES ('034.345.323-20','TAÍS', 'SOLTEIRO', TO_DATE('11/01/1982', 'DD/MM/YYYY'), 27);

INSERT INTO ENDERECO(ID_ENDERECO, TIPO_ENDERECO, LOGRADOURO, NUMERO, COMPLEMENTO, CIDADE, PAIS) VALUES (ENDERECO_SEQ.NEXTVAL, 'CLIENTE', 'Rua Esforçada', 55, 'Ap 205', 'Porto Alegre', 'Brasil');
INSERT INTO CLIENTE (CPF, NOME, ESTADO_CIVIL, DATA_NASCIMENTO, FK_ENDERECO) VALUES ('034.345.323-21','JOÃO', 'SOLTEIRO', TO_DATE('11/01/1982', 'DD/MM/YYYY'), 28);

INSERT INTO ENDERECO(ID_ENDERECO, TIPO_ENDERECO, LOGRADOURO, NUMERO, COMPLEMENTO, CIDADE, PAIS) VALUES (ENDERECO_SEQ.NEXTVAL, 'CLIENTE', 'Rua Perigada', 55, 'Ap 205', 'Porto Alegre', 'Brasil');
INSERT INTO CLIENTE (CPF, NOME, ESTADO_CIVIL, DATA_NASCIMENTO, FK_ENDERECO) VALUES ('034.345.323-22','JOÃO', 'SOLTEIRO', TO_DATE('11/01/1982', 'DD/MM/YYYY'), 29);

INSERT INTO ENDERECO(ID_ENDERECO, TIPO_ENDERECO, LOGRADOURO, NUMERO, COMPLEMENTO, CIDADE, PAIS) VALUES (ENDERECO_SEQ.NEXTVAL, 'CLIENTE', 'Rua Visada', 55, 'Ap 205', 'Porto Alegre', 'Brasil');
INSERT INTO CLIENTE (CPF, NOME, ESTADO_CIVIL, DATA_NASCIMENTO, FK_ENDERECO) VALUES ('034.345.323-23','HELENA', 'SOLTEIRO', TO_DATE('11/01/1982', 'DD/MM/YYYY'), 30);

INSERT INTO ENDERECO(ID_ENDERECO, TIPO_ENDERECO, LOGRADOURO, NUMERO, COMPLEMENTO, CIDADE, PAIS) VALUES (ENDERECO_SEQ.NEXTVAL, 'CLIENTE', 'Rua Desligada', 55, 'Ap 205', 'Porto Alegre', 'Brasil');
INSERT INTO CLIENTE (CPF, NOME, ESTADO_CIVIL, DATA_NASCIMENTO, FK_ENDERECO) VALUES ('034.345.323-24','JOÃO', 'SOLTEIRO', TO_DATE('11/01/1982', 'DD/MM/YYYY'), 31);

INSERT INTO ENDERECO(ID_ENDERECO, TIPO_ENDERECO, LOGRADOURO, NUMERO, COMPLEMENTO, CIDADE, PAIS) VALUES (ENDERECO_SEQ.NEXTVAL, 'CLIENTE', 'Rua Problemada', 55, 'Ap 205', 'Porto Alegre', 'Brasil');
INSERT INTO CLIENTE (CPF, NOME, ESTADO_CIVIL, DATA_NASCIMENTO, FK_ENDERECO) VALUES ('034.345.323-25','JOÃO', 'SOLTEIRO', TO_DATE('11/01/1982', 'DD/MM/YYYY'), 32);

INSERT INTO ENDERECO(ID_ENDERECO, TIPO_ENDERECO, LOGRADOURO, NUMERO, COMPLEMENTO, CIDADE, PAIS) VALUES (ENDERECO_SEQ.NEXTVAL, 'CLIENTE', 'Rua Sorteada', 55, 'Ap 205', 'Porto Alegre', 'Brasil');
INSERT INTO CLIENTE (CPF, NOME, ESTADO_CIVIL, DATA_NASCIMENTO, FK_ENDERECO) VALUES ('034.345.323-26','TAÍS', 'SOLTEIRO', TO_DATE('11/01/1982', 'DD/MM/YYYY'), 33);

INSERT INTO ENDERECO(ID_ENDERECO, TIPO_ENDERECO, LOGRADOURO, NUMERO, COMPLEMENTO, CIDADE, PAIS) VALUES (ENDERECO_SEQ.NEXTVAL, 'CLIENTE', 'Rua Mancada', 55, 'Ap 205', 'Porto Alegre', 'Brasil');
INSERT INTO CLIENTE (CPF, NOME, ESTADO_CIVIL, DATA_NASCIMENTO, FK_ENDERECO) VALUES ('034.345.323-27','JOÃO', 'SOLTEIRO', TO_DATE('11/01/1982', 'DD/MM/YYYY'), 34);

INSERT INTO ENDERECO(ID_ENDERECO, TIPO_ENDERECO, LOGRADOURO, NUMERO, COMPLEMENTO, CIDADE, PAIS) VALUES (ENDERECO_SEQ.NEXTVAL, 'CLIENTE', 'Rua Malhada', 55, 'Ap 205', 'Porto Alegre', 'Brasil');
INSERT INTO CLIENTE (CPF, NOME, ESTADO_CIVIL, DATA_NASCIMENTO, FK_ENDERECO) VALUES ('034.345.323-28','JOÃO', 'SOLTEIRO', TO_DATE('11/01/1982', 'DD/MM/YYYY'), 35);

INSERT INTO ENDERECO(ID_ENDERECO, TIPO_ENDERECO, LOGRADOURO, NUMERO, COMPLEMENTO, CIDADE, PAIS) VALUES (ENDERECO_SEQ.NEXTVAL, 'CLIENTE', 'Rua Pintada', 55, 'Ap 205', 'Porto Alegre', 'Brasil');
INSERT INTO CLIENTE (CPF, NOME, ESTADO_CIVIL, DATA_NASCIMENTO, FK_ENDERECO) VALUES ('034.345.323-29','JOÃO', 'SOLTEIRO', TO_DATE('11/01/1982', 'DD/MM/YYYY'), 36);

INSERT INTO ENDERECO(ID_ENDERECO, TIPO_ENDERECO, LOGRADOURO, NUMERO, COMPLEMENTO, CIDADE, PAIS) VALUES (ENDERECO_SEQ.NEXTVAL, 'CLIENTE', 'Rua Chacoalhada', 55, 'Ap 205', 'Porto Alegre', 'Brasil');
INSERT INTO CLIENTE (CPF, NOME, ESTADO_CIVIL, DATA_NASCIMENTO, FK_ENDERECO) VALUES ('034.345.323-30','TAÍS', 'SOLTEIRO', TO_DATE('11/01/1982', 'DD/MM/YYYY'), 37);

INSERT INTO ENDERECO(ID_ENDERECO, TIPO_ENDERECO, LOGRADOURO, NUMERO, COMPLEMENTO, CIDADE, PAIS) VALUES (ENDERECO_SEQ.NEXTVAL, 'CLIENTE', 'Rua Frizada', 55, 'Ap 205', 'Porto Alegre', 'Brasil');
INSERT INTO CLIENTE (CPF, NOME, ESTADO_CIVIL, DATA_NASCIMENTO, FK_ENDERECO) VALUES ('034.345.323-31','JOÃO', 'SOLTEIRO', TO_DATE('11/01/1982', 'DD/MM/YYYY'), 38);

INSERT INTO ENDERECO(ID_ENDERECO, TIPO_ENDERECO, LOGRADOURO, NUMERO, COMPLEMENTO, CIDADE, PAIS) VALUES (ENDERECO_SEQ.NEXTVAL, 'CLIENTE', 'Rua Malvada', 55, 'Ap 205', 'Porto Alegre', 'Brasil');
INSERT INTO CLIENTE (CPF, NOME, ESTADO_CIVIL, DATA_NASCIMENTO, FK_ENDERECO) VALUES ('034.345.323-32','JOÃO', 'SOLTEIRO', TO_DATE('11/01/1982', 'DD/MM/YYYY'), 39);

INSERT INTO ENDERECO(ID_ENDERECO, TIPO_ENDERECO, LOGRADOURO, NUMERO, COMPLEMENTO, CIDADE, PAIS) VALUES (ENDERECO_SEQ.NEXTVAL, 'CLIENTE', 'Rua Testada', 55, 'Ap 205', 'Porto Alegre', 'Brasil');
INSERT INTO CLIENTE (CPF, NOME, ESTADO_CIVIL, DATA_NASCIMENTO, FK_ENDERECO) VALUES ('034.345.323-33','TAÍS', 'SOLTEIRO', TO_DATE('11/01/1982', 'DD/MM/YYYY'), 40);

INSERT INTO ENDERECO(ID_ENDERECO, TIPO_ENDERECO, LOGRADOURO, NUMERO, COMPLEMENTO, CIDADE, PAIS) VALUES (ENDERECO_SEQ.NEXTVAL, 'CLIENTE', 'Rua Chateada', 55, 'Ap 205', 'Porto Alegre', 'Brasil');
INSERT INTO CLIENTE (CPF, NOME, ESTADO_CIVIL, DATA_NASCIMENTO, FK_ENDERECO) VALUES ('034.345.323-34','FABIO', 'SOLTEIRO', TO_DATE('11/01/1982', 'DD/MM/YYYY'), 41);

INSERT INTO ENDERECO(ID_ENDERECO, TIPO_ENDERECO, LOGRADOURO, NUMERO, COMPLEMENTO, CIDADE, PAIS) VALUES (ENDERECO_SEQ.NEXTVAL, 'CLIENTE', 'Rua Felizarda', 55, 'Ap 205', 'Porto Alegre', 'Brasil');
INSERT INTO CLIENTE (CPF, NOME, ESTADO_CIVIL, DATA_NASCIMENTO, FK_ENDERECO) VALUES ('034.345.323-35','JOÃO', 'SOLTEIRO', TO_DATE('11/01/1982', 'DD/MM/YYYY'), 42);

INSERT INTO ENDERECO(ID_ENDERECO, TIPO_ENDERECO, LOGRADOURO, NUMERO, COMPLEMENTO, CIDADE, PAIS) VALUES (ENDERECO_SEQ.NEXTVAL, 'CLIENTE', 'Rua Esquivada', 55, 'Ap 205', 'Porto Alegre', 'Brasil');
INSERT INTO CLIENTE (CPF, NOME, ESTADO_CIVIL, DATA_NASCIMENTO, FK_ENDERECO) VALUES ('034.345.323-36','FABIO', 'SOLTEIRO', TO_DATE('11/01/1982', 'DD/MM/YYYY'), 8);


--ADICAO DE GERENTES

INSERT INTO ENDERECO(ID_ENDERECO, TIPO_ENDERECO, LOGRADOURO, NUMERO, COMPLEMENTO, CIDADE, PAIS) VALUES (ENDERECO_SEQ.NEXTVAL, 'GERENTE', 'Rua Testando', 55, 'Ap 35', 'Porto Alegre', 'Brasil');
INSERT INTO GERENTE (CPF, NOME, CODIGO_FUNCIONARIO, ESTADO_CIVIL, DATA_NASCIMENTO, FK_ENDERECO) VALUES ('365.123.877-11','CHARLES', 'GC', 'SOLTEIRO', TO_DATE('18/01/1962', 'DD/MM/YYYY'), 43);

INSERT INTO ENDERECO(ID_ENDERECO, TIPO_ENDERECO, LOGRADOURO, NUMERO, COMPLEMENTO, CIDADE, PAIS) VALUES (ENDERECO_SEQ.NEXTVAL, 'GERENTE', 'Rua Testando', 555, 'Ap 1205', 'Porto Alegre', 'Brasil');
INSERT INTO GERENTE (CPF, NOME, CODIGO_FUNCIONARIO, ESTADO_CIVIL, DATA_NASCIMENTO, FK_ENDERECO) VALUES ('365.123.877-12','JAMES', 'GG', 'CASADO', TO_DATE('18/01/1962', 'DD/MM/YYYY'), 44);

INSERT INTO ENDERECO(ID_ENDERECO, TIPO_ENDERECO, LOGRADOURO, NUMERO, COMPLEMENTO, CIDADE, PAIS) VALUES (ENDERECO_SEQ.NEXTVAL, 'GERENTE', 'Rua Testando', 125, 'Ap 805', 'Porto Alegre', 'Brasil');
INSERT INTO GERENTE (CPF, NOME, CODIGO_FUNCIONARIO, ESTADO_CIVIL, DATA_NASCIMENTO, FK_ENDERECO) VALUES ('365.123.877-13','ANITA', 'GC', 'SOLTEIRO', TO_DATE('18/01/1962', 'DD/MM/YYYY'), 45);

INSERT INTO ENDERECO(ID_ENDERECO, TIPO_ENDERECO, LOGRADOURO, NUMERO, COMPLEMENTO, CIDADE, PAIS) VALUES (ENDERECO_SEQ.NEXTVAL, 'GERENTE', 'Rua Testando', 876, 'Ap 206', 'Porto Alegre', 'Brasil');
INSERT INTO GERENTE (CPF, NOME, CODIGO_FUNCIONARIO, ESTADO_CIVIL, DATA_NASCIMENTO, FK_ENDERECO) VALUES ('365.123.877-14','JESSICA', 'GG', 'SOLTEIRO', TO_DATE('18/01/1962', 'DD/MM/YYYY'), 46);

INSERT INTO ENDERECO(ID_ENDERECO, TIPO_ENDERECO, LOGRADOURO, NUMERO, COMPLEMENTO, CIDADE, PAIS) VALUES (ENDERECO_SEQ.NEXTVAL, 'GERENTE', 'Rua Testando', 908, 'Ap 1003', 'Porto Alegre', 'Brasil');
INSERT INTO GERENTE (CPF, NOME, CODIGO_FUNCIONARIO, ESTADO_CIVIL, DATA_NASCIMENTO, FK_ENDERECO) VALUES ('365.123.877-15','MARY', 'GC', 'CASADO', TO_DATE('18/01/1962', 'DD/MM/YYYY'), 47);

INSERT INTO ENDERECO(ID_ENDERECO, TIPO_ENDERECO, LOGRADOURO, NUMERO, COMPLEMENTO, CIDADE, PAIS) VALUES (ENDERECO_SEQ.NEXTVAL, 'GERENTE', 'Rua Testando', 1045, 'Ap 205', 'Porto Alegre', 'Brasil');
INSERT INTO GERENTE (CPF, NOME, CODIGO_FUNCIONARIO, ESTADO_CIVIL, DATA_NASCIMENTO, FK_ENDERECO) VALUES ('365.123.877-16','DANIEL', 'GG', 'CASADO', TO_DATE('18/01/1962', 'DD/MM/YYYY'), 48);


--ADICAO DE CONTAS
INSERT INTO CONTA (ID_CONTA, TIPO_CONTA, ID_BANCO, ID_AGENCIA, NUMERO_CLIENTES, SALDO) VALUES (CONTA_SEQ.NEXTVAL, 'PJ', '241', '0001', 3, 500700.45);
INSERT INTO CONTA (ID_CONTA, TIPO_CONTA, ID_BANCO, ID_AGENCIA, NUMERO_CLIENTES, SALDO) VALUES (CONTA_SEQ.NEXTVAL, 'PJ', '241', '0001', 3, 200650.45);
INSERT INTO CONTA (ID_CONTA, TIPO_CONTA, ID_BANCO, ID_AGENCIA, NUMERO_CLIENTES, SALDO) VALUES (CONTA_SEQ.NEXTVAL, 'PJ', '241', '0001', 3, 2500700.45);
INSERT INTO CONTA (ID_CONTA, TIPO_CONTA, ID_BANCO, ID_AGENCIA, NUMERO_CLIENTES, SALDO) VALUES (CONTA_SEQ.NEXTVAL, 'CONJ', '241', '0001', 2, 234000.90);
INSERT INTO CONTA (ID_CONTA, TIPO_CONTA, ID_BANCO, ID_AGENCIA, NUMERO_CLIENTES, SALDO) VALUES (CONTA_SEQ.NEXTVAL, 'CONJ', '241', '0001', 2, 65897.12);
INSERT INTO CONTA (ID_CONTA, TIPO_CONTA, ID_BANCO, ID_AGENCIA, NUMERO_CLIENTES, SALDO) VALUES (CONTA_SEQ.NEXTVAL, 'PF', '241', '0001', 1, 20876.12);
INSERT INTO CONTA (ID_CONTA, TIPO_CONTA, ID_BANCO, ID_AGENCIA, NUMERO_CLIENTES, SALDO) VALUES (CONTA_SEQ.NEXTVAL, 'PF', '241', '0001', 1, 89443.90);
INSERT INTO CONTA (ID_CONTA, TIPO_CONTA, ID_BANCO, ID_AGENCIA, NUMERO_CLIENTES, SALDO) VALUES (CONTA_SEQ.NEXTVAL, 'PF', '241', '0001', 1, 1200.80);
INSERT INTO CONTA (ID_CONTA, TIPO_CONTA, ID_BANCO, ID_AGENCIA, NUMERO_CLIENTES, SALDO) VALUES (CONTA_SEQ.NEXTVAL, 'INVEST', '241', '0001', 1, 11876.11);
INSERT INTO CONTA (ID_CONTA, TIPO_CONTA, ID_BANCO, ID_AGENCIA, NUMERO_CLIENTES, SALDO) VALUES (CONTA_SEQ.NEXTVAL, 'INVEST', '241', '0001', 1, 35000);

INSERT INTO CONTA (ID_CONTA, TIPO_CONTA, ID_BANCO, ID_AGENCIA, NUMERO_CLIENTES, SALDO) VALUES (CONTA_SEQ.NEXTVAL, 'PJ', '307', '0001', 3, 234235.98);
INSERT INTO CONTA (ID_CONTA, TIPO_CONTA, ID_BANCO, ID_AGENCIA, NUMERO_CLIENTES, SALDO) VALUES (CONTA_SEQ.NEXTVAL, 'PJ', '307', '8761', 3, 2343465.45);
INSERT INTO CONTA (ID_CONTA, TIPO_CONTA, ID_BANCO, ID_AGENCIA, NUMERO_CLIENTES, SALDO) VALUES (CONTA_SEQ.NEXTVAL, 'PJ', '307', '4567', 3, 2223.45);
INSERT INTO CONTA (ID_CONTA, TIPO_CONTA, ID_BANCO, ID_AGENCIA, NUMERO_CLIENTES, SALDO) VALUES (CONTA_SEQ.NEXTVAL, 'CONJ', '307', '0001', 2, 6452.90);
INSERT INTO CONTA (ID_CONTA, TIPO_CONTA, ID_BANCO, ID_AGENCIA, NUMERO_CLIENTES, SALDO) VALUES (CONTA_SEQ.NEXTVAL, 'CONJ', '307', '8761', 2, 126543.12);
INSERT INTO CONTA (ID_CONTA, TIPO_CONTA, ID_BANCO, ID_AGENCIA, NUMERO_CLIENTES, SALDO) VALUES (CONTA_SEQ.NEXTVAL, 'PF', '307', '4567', 1, 5734367.12);
INSERT INTO CONTA (ID_CONTA, TIPO_CONTA, ID_BANCO, ID_AGENCIA, NUMERO_CLIENTES, SALDO) VALUES (CONTA_SEQ.NEXTVAL, 'PF', '307', '0001', 1, 89443.90);
INSERT INTO CONTA (ID_CONTA, TIPO_CONTA, ID_BANCO, ID_AGENCIA, NUMERO_CLIENTES, SALDO) VALUES (CONTA_SEQ.NEXTVAL, 'PF', '307', '8761', 1, 12060.80);
INSERT INTO CONTA (ID_CONTA, TIPO_CONTA, ID_BANCO, ID_AGENCIA, NUMERO_CLIENTES, SALDO) VALUES (CONTA_SEQ.NEXTVAL, 'INVEST', '307', '4567', 1, 118706.11);
INSERT INTO CONTA (ID_CONTA, TIPO_CONTA, ID_BANCO, ID_AGENCIA, NUMERO_CLIENTES, SALDO) VALUES (CONTA_SEQ.NEXTVAL, 'INVEST', '307', '0001', 1, 35);

INSERT INTO CONTA (ID_CONTA, TIPO_CONTA, ID_BANCO, ID_AGENCIA, NUMERO_CLIENTES, SALDO) VALUES (CONTA_SEQ.NEXTVAL, 'PJ', '011', '0001', 3, 345345.98);
INSERT INTO CONTA (ID_CONTA, TIPO_CONTA, ID_BANCO, ID_AGENCIA, NUMERO_CLIENTES, SALDO) VALUES (CONTA_SEQ.NEXTVAL, 'PJ', '011', '0002', 3, 987.98);
INSERT INTO CONTA (ID_CONTA, TIPO_CONTA, ID_BANCO, ID_AGENCIA, NUMERO_CLIENTES, SALDO) VALUES (CONTA_SEQ.NEXTVAL, 'PJ', '011', '0101', 3, 11.98);
INSERT INTO CONTA (ID_CONTA, TIPO_CONTA, ID_BANCO, ID_AGENCIA, NUMERO_CLIENTES, SALDO) VALUES (CONTA_SEQ.NEXTVAL, 'CONJ', '011', '0001', 2, 543.98);
INSERT INTO CONTA (ID_CONTA, TIPO_CONTA, ID_BANCO, ID_AGENCIA, NUMERO_CLIENTES, SALDO) VALUES (CONTA_SEQ.NEXTVAL, 'CONJ', '011', '0002', 2, 87547.98);
INSERT INTO CONTA (ID_CONTA, TIPO_CONTA, ID_BANCO, ID_AGENCIA, NUMERO_CLIENTES, SALDO) VALUES (CONTA_SEQ.NEXTVAL, 'PF', '011', '0101', 1, 2344.98);
INSERT INTO CONTA (ID_CONTA, TIPO_CONTA, ID_BANCO, ID_AGENCIA, NUMERO_CLIENTES, SALDO) VALUES (CONTA_SEQ.NEXTVAL, 'PF', '011', '0001', 1, 9879.98);
INSERT INTO CONTA (ID_CONTA, TIPO_CONTA, ID_BANCO, ID_AGENCIA, NUMERO_CLIENTES, SALDO) VALUES (CONTA_SEQ.NEXTVAL, 'PF', '011', '0002', 1, 12687.98);
INSERT INTO CONTA (ID_CONTA, TIPO_CONTA, ID_BANCO, ID_AGENCIA, NUMERO_CLIENTES, SALDO) VALUES (CONTA_SEQ.NEXTVAL, 'INVEST', '011', '0101', 1, 12765.98);
INSERT INTO CONTA (ID_CONTA, TIPO_CONTA, ID_BANCO, ID_AGENCIA, NUMERO_CLIENTES, SALDO) VALUES (CONTA_SEQ.NEXTVAL, 'INVEST', '011', '0001', 1, 5432.98);


--RELAÇÃO CONTA-GERENTE

INSERT INTO CONTA_X_GERENTE (CPF_GERENTE, ID_BANCO, ID_AGENCIA, ID_CONTA, TIPO_CONTA) VALUES ('365.123.877-11', '241', '0001', 1, 'PJ');
INSERT INTO CONTA_X_GERENTE (CPF_GERENTE, ID_BANCO, ID_AGENCIA, ID_CONTA, TIPO_CONTA) VALUES ('365.123.877-11', '241', '0001', 2, 'PJ');
INSERT INTO CONTA_X_GERENTE (CPF_GERENTE, ID_BANCO, ID_AGENCIA, ID_CONTA, TIPO_CONTA) VALUES ('365.123.877-11', '241', '0001', 3, 'PJ');
INSERT INTO CONTA_X_GERENTE (CPF_GERENTE, ID_BANCO, ID_AGENCIA, ID_CONTA, TIPO_CONTA) VALUES ('365.123.877-11', '241', '0001', 4, 'CONJ');
INSERT INTO CONTA_X_GERENTE (CPF_GERENTE, ID_BANCO, ID_AGENCIA, ID_CONTA, TIPO_CONTA) VALUES ('365.123.877-11', '241', '0001', 5, 'CONJ');
INSERT INTO CONTA_X_GERENTE (CPF_GERENTE, ID_BANCO, ID_AGENCIA, ID_CONTA, TIPO_CONTA) VALUES ('365.123.877-12', '241', '0001', 6, 'PF');
INSERT INTO CONTA_X_GERENTE (CPF_GERENTE, ID_BANCO, ID_AGENCIA, ID_CONTA, TIPO_CONTA) VALUES ('365.123.877-12', '241', '0001', 7, 'PF');
INSERT INTO CONTA_X_GERENTE (CPF_GERENTE, ID_BANCO, ID_AGENCIA, ID_CONTA, TIPO_CONTA) VALUES ('365.123.877-12', '241', '0001', 8, 'PF');
INSERT INTO CONTA_X_GERENTE (CPF_GERENTE, ID_BANCO, ID_AGENCIA, ID_CONTA, TIPO_CONTA) VALUES ('365.123.877-12', '241', '0001', 9, 'INVEST');
INSERT INTO CONTA_X_GERENTE (CPF_GERENTE, ID_BANCO, ID_AGENCIA, ID_CONTA, TIPO_CONTA) VALUES ('365.123.877-12', '241', '0001', 10, 'INVEST');

INSERT INTO CONTA_X_GERENTE (CPF_GERENTE, ID_BANCO, ID_AGENCIA, ID_CONTA, TIPO_CONTA) VALUES ('365.123.877-13', '307', '0001', 11, 'PJ');
INSERT INTO CONTA_X_GERENTE (CPF_GERENTE, ID_BANCO, ID_AGENCIA, ID_CONTA, TIPO_CONTA) VALUES ('365.123.877-13', '307', '8761', 12, 'PJ');
INSERT INTO CONTA_X_GERENTE (CPF_GERENTE, ID_BANCO, ID_AGENCIA, ID_CONTA, TIPO_CONTA) VALUES ('365.123.877-13', '307', '4567', 13, 'PJ');
INSERT INTO CONTA_X_GERENTE (CPF_GERENTE, ID_BANCO, ID_AGENCIA, ID_CONTA, TIPO_CONTA) VALUES ('365.123.877-13', '307', '0001', 14, 'CONJ');
INSERT INTO CONTA_X_GERENTE (CPF_GERENTE, ID_BANCO, ID_AGENCIA, ID_CONTA, TIPO_CONTA) VALUES ('365.123.877-13', '307', '8761', 15, 'CONJ');
INSERT INTO CONTA_X_GERENTE (CPF_GERENTE, ID_BANCO, ID_AGENCIA, ID_CONTA, TIPO_CONTA) VALUES ('365.123.877-14', '307', '4567', 16, 'PF');
INSERT INTO CONTA_X_GERENTE (CPF_GERENTE, ID_BANCO, ID_AGENCIA, ID_CONTA, TIPO_CONTA) VALUES ('365.123.877-14', '307', '0001', 17, 'PF');
INSERT INTO CONTA_X_GERENTE (CPF_GERENTE, ID_BANCO, ID_AGENCIA, ID_CONTA, TIPO_CONTA) VALUES ('365.123.877-14', '307', '8761', 18, 'PF');
INSERT INTO CONTA_X_GERENTE (CPF_GERENTE, ID_BANCO, ID_AGENCIA, ID_CONTA, TIPO_CONTA) VALUES ('365.123.877-14', '307', '4567', 19, 'INVEST');
INSERT INTO CONTA_X_GERENTE (CPF_GERENTE, ID_BANCO, ID_AGENCIA, ID_CONTA, TIPO_CONTA) VALUES ('365.123.877-14', '307', '0001', 20, 'INVEST');

INSERT INTO CONTA_X_GERENTE (CPF_GERENTE, ID_BANCO, ID_AGENCIA, ID_CONTA, TIPO_CONTA) VALUES ('365.123.877-15', '011', '0001', 21, 'PJ');
INSERT INTO CONTA_X_GERENTE (CPF_GERENTE, ID_BANCO, ID_AGENCIA, ID_CONTA, TIPO_CONTA) VALUES ('365.123.877-15', '011', '0002', 22, 'PJ');
INSERT INTO CONTA_X_GERENTE (CPF_GERENTE, ID_BANCO, ID_AGENCIA, ID_CONTA, TIPO_CONTA) VALUES ('365.123.877-15', '011', '0101', 23, 'PJ');
INSERT INTO CONTA_X_GERENTE (CPF_GERENTE, ID_BANCO, ID_AGENCIA, ID_CONTA, TIPO_CONTA) VALUES ('365.123.877-15', '011', '0001', 24, 'CONJ');
INSERT INTO CONTA_X_GERENTE (CPF_GERENTE, ID_BANCO, ID_AGENCIA, ID_CONTA, TIPO_CONTA) VALUES ('365.123.877-15', '011', '0002', 25, 'CONJ');
INSERT INTO CONTA_X_GERENTE (CPF_GERENTE, ID_BANCO, ID_AGENCIA, ID_CONTA, TIPO_CONTA) VALUES ('365.123.877-16', '011', '0101', 26, 'PF');
INSERT INTO CONTA_X_GERENTE (CPF_GERENTE, ID_BANCO, ID_AGENCIA, ID_CONTA, TIPO_CONTA) VALUES ('365.123.877-16', '011', '0001', 27, 'PF');
INSERT INTO CONTA_X_GERENTE (CPF_GERENTE, ID_BANCO, ID_AGENCIA, ID_CONTA, TIPO_CONTA) VALUES ('365.123.877-16', '011', '0002', 28, 'PF');
INSERT INTO CONTA_X_GERENTE (CPF_GERENTE, ID_BANCO, ID_AGENCIA, ID_CONTA, TIPO_CONTA) VALUES ('365.123.877-16', '011', '0101', 29, 'INVEST');
INSERT INTO CONTA_X_GERENTE (CPF_GERENTE, ID_BANCO, ID_AGENCIA, ID_CONTA, TIPO_CONTA) VALUES ('365.123.877-16', '011', '0001', 30, 'INVEST');



--RELAÇÃO CONTA-CLIENTE


--BANCO BETA
INSERT INTO CONTA_X_CLIENTE (ID_BANCO, ID_AGENCIA, TIPO_CONTA, CPF_CLIENTE, ID_CONTA) VALUES ('241', '0001', 'PJ', '034.345.323-11', 1);
INSERT INTO CONTA_X_CLIENTE (ID_BANCO, ID_AGENCIA, TIPO_CONTA, CPF_CLIENTE, ID_CONTA) VALUES ('241', '0001', 'PJ', '534.345.323-11', 1);
INSERT INTO CONTA_X_CLIENTE (ID_BANCO, ID_AGENCIA, TIPO_CONTA, CPF_CLIENTE, ID_CONTA) VALUES ('241', '0001', 'PJ', '534.315.323-11', 1);

INSERT INTO CONTA_X_CLIENTE (ID_BANCO, ID_AGENCIA, TIPO_CONTA, CPF_CLIENTE, ID_CONTA) VALUES ('241', '0001', 'PJ', '034.345.363-11', 2);
INSERT INTO CONTA_X_CLIENTE (ID_BANCO, ID_AGENCIA, TIPO_CONTA, CPF_CLIENTE, ID_CONTA) VALUES ('241', '0001', 'PJ', '035.345.323-11', 2);
INSERT INTO CONTA_X_CLIENTE (ID_BANCO, ID_AGENCIA, TIPO_CONTA, CPF_CLIENTE, ID_CONTA) VALUES ('241', '0001', 'PJ', '004.345.323-11', 2);

INSERT INTO CONTA_X_CLIENTE (ID_BANCO, ID_AGENCIA, TIPO_CONTA, CPF_CLIENTE, ID_CONTA) VALUES ('241', '0001', 'PJ', '094.345.323-11', 3);
INSERT INTO CONTA_X_CLIENTE (ID_BANCO, ID_AGENCIA, TIPO_CONTA, CPF_CLIENTE, ID_CONTA) VALUES ('241', '0001', 'PJ', '014.345.323-11', 3);
INSERT INTO CONTA_X_CLIENTE (ID_BANCO, ID_AGENCIA, TIPO_CONTA, CPF_CLIENTE, ID_CONTA) VALUES ('241', '0001', 'PJ', '074.345.323-11', 3);

INSERT INTO CONTA_X_CLIENTE (ID_BANCO, ID_AGENCIA, TIPO_CONTA, CPF_CLIENTE, ID_CONTA) VALUES ('241', '0001', 'CONJ', '030.345.321-11', 4);
INSERT INTO CONTA_X_CLIENTE (ID_BANCO, ID_AGENCIA, TIPO_CONTA, CPF_CLIENTE, ID_CONTA) VALUES ('241', '0001', 'CONJ', '034.341.323-11', 4);

INSERT INTO CONTA_X_CLIENTE (ID_BANCO, ID_AGENCIA, TIPO_CONTA, CPF_CLIENTE, ID_CONTA) VALUES ('241', '0001', 'CONJ', '034.345.323-12', 5);
INSERT INTO CONTA_X_CLIENTE (ID_BANCO, ID_AGENCIA, TIPO_CONTA, CPF_CLIENTE, ID_CONTA) VALUES ('241', '0001', 'CONJ', '034.345.323-13', 5);

INSERT INTO CONTA_X_CLIENTE (ID_BANCO, ID_AGENCIA, TIPO_CONTA, CPF_CLIENTE, ID_CONTA) VALUES ('241', '0001', 'PF', '034.345.323-11', 6);
INSERT INTO CONTA_X_CLIENTE (ID_BANCO, ID_AGENCIA, TIPO_CONTA, CPF_CLIENTE, ID_CONTA) VALUES ('241', '0001', 'PF', '534.345.323-11', 7);
INSERT INTO CONTA_X_CLIENTE (ID_BANCO, ID_AGENCIA, TIPO_CONTA, CPF_CLIENTE, ID_CONTA) VALUES ('241', '0001', 'PF', '534.315.323-11', 8);
INSERT INTO CONTA_X_CLIENTE (ID_BANCO, ID_AGENCIA, TIPO_CONTA, CPF_CLIENTE, ID_CONTA) VALUES ('241', '0001', 'INVEST', '034.345.363-11', 9);
INSERT INTO CONTA_X_CLIENTE (ID_BANCO, ID_AGENCIA, TIPO_CONTA, CPF_CLIENTE, ID_CONTA) VALUES ('241', '0001', 'INVEST', '035.345.323-11', 10);

--BANCO OMEGA
INSERT INTO CONTA_X_CLIENTE (ID_BANCO, ID_AGENCIA, TIPO_CONTA, CPF_CLIENTE, ID_CONTA) VALUES ('307', '0001', 'PJ', '034.345.323-14', 11);
INSERT INTO CONTA_X_CLIENTE (ID_BANCO, ID_AGENCIA, TIPO_CONTA, CPF_CLIENTE, ID_CONTA) VALUES ('307', '0001', 'PJ', '034.345.323-15', 11);
INSERT INTO CONTA_X_CLIENTE (ID_BANCO, ID_AGENCIA, TIPO_CONTA, CPF_CLIENTE, ID_CONTA) VALUES ('307', '0001', 'PJ', '034.345.323-16', 11);

INSERT INTO CONTA_X_CLIENTE (ID_BANCO, ID_AGENCIA, TIPO_CONTA, CPF_CLIENTE, ID_CONTA) VALUES ('307', '8761', 'PJ', '034.345.323-17', 12);
INSERT INTO CONTA_X_CLIENTE (ID_BANCO, ID_AGENCIA, TIPO_CONTA, CPF_CLIENTE, ID_CONTA) VALUES ('307', '8761', 'PJ', '034.345.323-18', 12);
INSERT INTO CONTA_X_CLIENTE (ID_BANCO, ID_AGENCIA, TIPO_CONTA, CPF_CLIENTE, ID_CONTA) VALUES ('307', '8761', 'PJ', '034.345.323-19', 12);

INSERT INTO CONTA_X_CLIENTE (ID_BANCO, ID_AGENCIA, TIPO_CONTA, CPF_CLIENTE, ID_CONTA) VALUES ('307', '4567', 'PJ', '034.345.323-20', 13);
INSERT INTO CONTA_X_CLIENTE (ID_BANCO, ID_AGENCIA, TIPO_CONTA, CPF_CLIENTE, ID_CONTA) VALUES ('307', '4567', 'PJ', '034.345.323-21', 13);
INSERT INTO CONTA_X_CLIENTE (ID_BANCO, ID_AGENCIA, TIPO_CONTA, CPF_CLIENTE, ID_CONTA) VALUES ('307', '4567', 'PJ', '034.345.323-22', 13);

INSERT INTO CONTA_X_CLIENTE (ID_BANCO, ID_AGENCIA, TIPO_CONTA, CPF_CLIENTE, ID_CONTA) VALUES ('307', '0001', 'CONJ', '034.345.323-23', 14);
INSERT INTO CONTA_X_CLIENTE (ID_BANCO, ID_AGENCIA, TIPO_CONTA, CPF_CLIENTE, ID_CONTA) VALUES ('307', '0001', 'CONJ', '034.345.323-24', 14);

INSERT INTO CONTA_X_CLIENTE (ID_BANCO, ID_AGENCIA, TIPO_CONTA, CPF_CLIENTE, ID_CONTA) VALUES ('307', '8761', 'CONJ', '034.345.323-25', 15);
INSERT INTO CONTA_X_CLIENTE (ID_BANCO, ID_AGENCIA, TIPO_CONTA, CPF_CLIENTE, ID_CONTA) VALUES ('307', '8761', 'CONJ', '034.345.323-26', 15);

INSERT INTO CONTA_X_CLIENTE (ID_BANCO, ID_AGENCIA, TIPO_CONTA, CPF_CLIENTE, ID_CONTA) VALUES ('307', '4567', 'PF', '034.345.323-14', 16);
INSERT INTO CONTA_X_CLIENTE (ID_BANCO, ID_AGENCIA, TIPO_CONTA, CPF_CLIENTE, ID_CONTA) VALUES ('307', '0001', 'PF', '034.345.323-15', 17);
INSERT INTO CONTA_X_CLIENTE (ID_BANCO, ID_AGENCIA, TIPO_CONTA, CPF_CLIENTE, ID_CONTA) VALUES ('307', '8761', 'PF', '034.345.323-16', 18);
INSERT INTO CONTA_X_CLIENTE (ID_BANCO, ID_AGENCIA, TIPO_CONTA, CPF_CLIENTE, ID_CONTA) VALUES ('307', '4567', 'INVEST', '034.345.323-17', 19);
INSERT INTO CONTA_X_CLIENTE (ID_BANCO, ID_AGENCIA, TIPO_CONTA, CPF_CLIENTE, ID_CONTA) VALUES ('307', '0001', 'INVEST', '034.345.323-18', 20);

--BANCO ALFA
INSERT INTO CONTA_X_CLIENTE (ID_BANCO, ID_AGENCIA, TIPO_CONTA, CPF_CLIENTE, ID_CONTA) VALUES ('011', '0001', 'PJ', '034.345.323-27', 21);
INSERT INTO CONTA_X_CLIENTE (ID_BANCO, ID_AGENCIA, TIPO_CONTA, CPF_CLIENTE, ID_CONTA) VALUES ('011', '0001', 'PJ', '034.345.323-28', 21);
INSERT INTO CONTA_X_CLIENTE (ID_BANCO, ID_AGENCIA, TIPO_CONTA, CPF_CLIENTE, ID_CONTA) VALUES ('011', '0001', 'PJ', '034.345.323-29', 21);

INSERT INTO CONTA_X_CLIENTE (ID_BANCO, ID_AGENCIA, TIPO_CONTA, CPF_CLIENTE, ID_CONTA) VALUES ('011', '0002', 'PJ', '034.345.323-34', 22);
INSERT INTO CONTA_X_CLIENTE (ID_BANCO, ID_AGENCIA, TIPO_CONTA, CPF_CLIENTE, ID_CONTA) VALUES ('011', '0002', 'PJ', '034.345.323-35', 22);
INSERT INTO CONTA_X_CLIENTE (ID_BANCO, ID_AGENCIA, TIPO_CONTA, CPF_CLIENTE, ID_CONTA) VALUES ('011', '0002', 'PJ', '035.345.323-11', 22);

INSERT INTO CONTA_X_CLIENTE (ID_BANCO, ID_AGENCIA, TIPO_CONTA, CPF_CLIENTE, ID_CONTA) VALUES ('011', '0101', 'PJ', '034.345.323-20', 23);
INSERT INTO CONTA_X_CLIENTE (ID_BANCO, ID_AGENCIA, TIPO_CONTA, CPF_CLIENTE, ID_CONTA) VALUES ('011', '0101', 'PJ', '034.345.323-24', 23);
INSERT INTO CONTA_X_CLIENTE (ID_BANCO, ID_AGENCIA, TIPO_CONTA, CPF_CLIENTE, ID_CONTA) VALUES ('011', '0101', 'PJ', '034.345.323-13', 23);

INSERT INTO CONTA_X_CLIENTE (ID_BANCO, ID_AGENCIA, TIPO_CONTA, CPF_CLIENTE, ID_CONTA) VALUES ('011', '0001', 'CONJ', '034.345.323-30', 24);
INSERT INTO CONTA_X_CLIENTE (ID_BANCO, ID_AGENCIA, TIPO_CONTA, CPF_CLIENTE, ID_CONTA) VALUES ('011', '0001', 'CONJ', '034.345.323-31', 24);

INSERT INTO CONTA_X_CLIENTE (ID_BANCO, ID_AGENCIA, TIPO_CONTA, CPF_CLIENTE, ID_CONTA) VALUES ('011', '0002', 'CONJ', '034.345.323-32', 25);
INSERT INTO CONTA_X_CLIENTE (ID_BANCO, ID_AGENCIA, TIPO_CONTA, CPF_CLIENTE, ID_CONTA) VALUES ('011', '0002', 'CONJ', '034.345.323-33', 25);

INSERT INTO CONTA_X_CLIENTE (ID_BANCO, ID_AGENCIA, TIPO_CONTA, CPF_CLIENTE, ID_CONTA) VALUES ('011', '0101', 'PF', '034.345.323-27', 26);
INSERT INTO CONTA_X_CLIENTE (ID_BANCO, ID_AGENCIA, TIPO_CONTA, CPF_CLIENTE, ID_CONTA) VALUES ('011', '0001', 'PF', '034.345.323-28', 27);
INSERT INTO CONTA_X_CLIENTE (ID_BANCO, ID_AGENCIA, TIPO_CONTA, CPF_CLIENTE, ID_CONTA) VALUES ('011', '0002', 'PF', '034.345.323-29', 28);
INSERT INTO CONTA_X_CLIENTE (ID_BANCO, ID_AGENCIA, TIPO_CONTA, CPF_CLIENTE, ID_CONTA) VALUES ('011', '0101', 'INVEST', '034.345.323-34', 29);
INSERT INTO CONTA_X_CLIENTE (ID_BANCO, ID_AGENCIA, TIPO_CONTA, CPF_CLIENTE, ID_CONTA) VALUES ('011', '0001', 'INVEST', '034.345.323-35', 30);


