INSERT INTO BANCO (CODIGO, NOME) VALUES ( '011', 'BANCO ALFA' );
INSERT INTO PAIS (ID_PAIS, NOME) VALUES ( 1, 'BRASIL');
INSERT INTO ESTADO (ID_ESTADO, ID_PAIS, NOME) VALUES ( 1, 1, 'NA' );
INSERT INTO CIDADE (ID_CIDADE, ID_ESTADO, NOME) VALUES ( 1, 1, 'NA' );
INSERT INTO BAIRRO (ID_BAIRRO, ID_CIDADE, ID_ESTADO, NOME) VALUES ( 1, 1, 1, 'NA' );
INSERT INTO ENDERECO (ID_ENDERECO, ID_BAIRRO, ID_CIDADE, LOGRADOURO, NUMERO, COMPLEMENTO)
        VALUES ( 1, 1, 1, 'RUA TESTANDO', 55, 'LOJA 1' );
INSERT INTO AGENCIA( CODIGO, ID_BANCO, ID_ENDERECO, NOME ) VALUES ( '0001', '011', 1, 'WEB' );

--BANCOS
INSERT INTO BANCO (CODIGO, NOME) VALUES ('011', 'Alfa');
INSERT INTO BANCO (CODIGO, NOME) VALUES ('241', 'Beta');
INSERT INTO BANCO (CODIGO, NOME) VALUES ('307', 'Omega');

SELECT * FROM BANCO;

--ENDEREÇOS
INSERT INTO PAIS(ID_PAIS, NOME) VALUES (PAIS_SEQ.NEXTVAL, 'BRASIL');
INSERT INTO PAIS(ID_PAIS, NOME) VALUES (PAIS_SEQ.NEXTVAL, 'EUA');
INSERT INTO PAIS(ID_PAIS, NOME) VALUES (PAIS_SEQ.NEXTVAL, 'INGLATERRA');
INSERT INTO PAIS(ID_PAIS, NOME) VALUES (PAIS_SEQ.NEXTVAL, 'ARGENTINA');
SELECT * FROM PAIS;

INSERT INTO ESTADO (ID_ESTADO, ID_PAIS, NOME) VALUES (ESTADO_SEQ.NEXTVAL, 1, 'NA');
INSERT INTO ESTADO (ID_ESTADO, ID_PAIS, NOME) VALUES (ESTADO_SEQ.NEXTVAL, 2, 'CALIFORNIA');
INSERT INTO ESTADO (ID_ESTADO, ID_PAIS, NOME) VALUES (ESTADO_SEQ.NEXTVAL, 3, 'BOROUGHS');
INSERT INTO ESTADO (ID_ESTADO, ID_PAIS, NOME) VALUES (ESTADO_SEQ.NEXTVAL, 1, 'SÃO PAULO');
INSERT INTO ESTADO (ID_ESTADO, ID_PAIS, NOME) VALUES (ESTADO_SEQ.NEXTVAL, 4, 'BUENOS AIRES');
SELECT * FROM ESTADO;

INSERT INTO CIDADE (ID_CIDADE, ID_ESTADO, NOME) VALUES (CIDADE_SEQ.NEXTVAL, 1, 'NA');
INSERT INTO CIDADE (ID_CIDADE, ID_ESTADO, NOME) VALUES (CIDADE_SEQ.NEXTVAL, 2, 'SAN FRANCISCO');
INSERT INTO CIDADE (ID_CIDADE, ID_ESTADO, NOME) VALUES (CIDADE_SEQ.NEXTVAL, 3, 'LONDRES');
INSERT INTO CIDADE (ID_CIDADE, ID_ESTADO, NOME) VALUES (CIDADE_SEQ.NEXTVAL, 4, 'ITU');
INSERT INTO CIDADE (ID_CIDADE, ID_ESTADO, NOME) VALUES (CIDADE_SEQ.NEXTVAL, 5, 'BUENOS AIRES');
SELECT * FROM CIDADE;

INSERT INTO BAIRRO (ID_BAIRRO, ID_CIDADE, ID_ESTADO, NOME) VALUES (BAIRRO_SEQ.NEXTVAL, 1, 1, 'NA');
INSERT INTO BAIRRO (ID_BAIRRO, ID_CIDADE, ID_ESTADO, NOME) VALUES (BAIRRO_SEQ.NEXTVAL, 2, 2, 'BETWEEN HYDE AND POWELL STREETS');
INSERT INTO BAIRRO (ID_BAIRRO, ID_CIDADE, ID_ESTADO, NOME) VALUES (BAIRRO_SEQ.NEXTVAL, 3, 3, 'CROYDON');
INSERT INTO BAIRRO (ID_BAIRRO, ID_CIDADE, ID_ESTADO, NOME) VALUES (BAIRRO_SEQ.NEXTVAL, 4, 4, 'QUALQUER');
INSERT INTO BAIRRO (ID_BAIRRO, ID_CIDADE, ID_ESTADO, NOME) VALUES (BAIRRO_SEQ.NEXTVAL, 5, 5, 'CAMINITO');
SELECT * FROM BAIRRO;

INSERT INTO ENDERECO (ID_ENDERECO, ID_BAIRRO, ID_CIDADE, LOGRADOURO, NUMERO, COMPLEMENTO) VALUES (ENDERECO_SEQ.NEXTVAL, 1, 1, 'RUA TESTANDO', 55, 'LOJA 1');  
INSERT INTO ENDERECO (ID_ENDERECO, ID_BAIRRO, ID_CIDADE, LOGRADOURO, NUMERO) VALUES (ENDERECO_SEQ.NEXTVAL, 2, 2, 'RUA TESTING', 122);
INSERT INTO ENDERECO (ID_ENDERECO, ID_BAIRRO, ID_CIDADE, LOGRADOURO, NUMERO)VALUES (ENDERECO_SEQ.NEXTVAL, 3, 3, 'RUA TESING', 525);
INSERT INTO ENDERECO (ID_ENDERECO, ID_BAIRRO, ID_CIDADE, LOGRADOURO, NUMERO, COMPLEMENTO) VALUES (ENDERECO_SEQ.NEXTVAL, 1, 1, 'RUA TESTANDO', 55, 'LOJA 2');
INSERT INTO ENDERECO (ID_ENDERECO, ID_BAIRRO, ID_CIDADE, LOGRADOURO, NUMERO, COMPLEMENTO) VALUES (ENDERECO_SEQ.NEXTVAL, 1, 1, 'RUA TESTANDO', 55, 'LOJA 3');
INSERT INTO ENDERECO (ID_ENDERECO, ID_BAIRRO, ID_CIDADE, LOGRADOURO, NUMERO) VALUES (ENDERECO_SEQ.NEXTVAL, 4, 4, 'RUA DO MEIO', 2233);    
INSERT INTO ENDERECO (ID_ENDERECO, ID_BAIRRO, ID_CIDADE, LOGRADOURO, NUMERO) VALUES (ENDERECO_SEQ.NEXTVAL, 5, 5, 'RUA DA BOCA', 222);
SELECT * FROM ENDERECO;


--ADIÇÃO DE AGÊNCIAS

INSERT INTO AGENCIA( CODIGO, ID_BANCO, ID_ENDERECO, NOME ) VALUES ( '0001', '011', 1, 'WEB' );
INSERT INTO AGENCIA( CODIGO, ID_BANCO, ID_ENDERECO, NOME ) VALUES ( '0002', '011', 2, 'CALIFORNIA' );
INSERT INTO AGENCIA( CODIGO, ID_BANCO, ID_ENDERECO, NOME ) VALUES ( '0101', '011', 3, 'LONDRES' );
INSERT INTO AGENCIA( CODIGO, ID_BANCO, ID_ENDERECO, NOME ) VALUES ( '0001', '241', 4, 'WEB' );
INSERT INTO AGENCIA( CODIGO, ID_BANCO, ID_ENDERECO, NOME ) VALUES ( '0001', '307', 5, 'WEB' );
INSERT INTO AGENCIA( CODIGO, ID_BANCO, ID_ENDERECO, NOME ) VALUES ( '8761', '307', 6, 'ITU' );
INSERT INTO AGENCIA( CODIGO, ID_BANCO, ID_ENDERECO, NOME ) VALUES ( '4567', '307', 7, 'HERMANA' );
SELECT * FROM AGENCIA;


--ADICAO DE CONTAS
INSERT INTO TIPO_CONTA (ID_TIPO_CONTA, NOME) VALUES (TIPO_CONTA_SEQ.NEXTVAL, 'PJ');
INSERT INTO TIPO_CONTA (ID_TIPO_CONTA, NOME) VALUES (TIPO_CONTA_SEQ.NEXTVAL, 'CONJ');
INSERT INTO TIPO_CONTA (ID_TIPO_CONTA, NOME) VALUES (TIPO_CONTA_SEQ.NEXTVAL, 'PF');
INSERT INTO TIPO_CONTA (ID_TIPO_CONTA, NOME) VALUES (TIPO_CONTA_SEQ.NEXTVAL, 'INVEST');
SELECT * FROM TIPO_CONTA;

INSERT INTO CONTA (CODIGO, CODIGO_AGENCIA, ID_BANCO, TIPO_CONTA, SALDO) VALUES (CONTA_SEQ.NEXTVAL, '0001', '011', 1, 100000);
INSERT INTO CONTA (CODIGO, CODIGO_AGENCIA, ID_BANCO, TIPO_CONTA, SALDO) VALUES (CONTA_SEQ.NEXTVAL, '0001', '011', 1, 1000000);
INSERT INTO CONTA (CODIGO, CODIGO_AGENCIA, ID_BANCO, TIPO_CONTA, SALDO) VALUES (CONTA_SEQ.NEXTVAL, '0001', '011', 2, 150000);
INSERT INTO CONTA (CODIGO, CODIGO_AGENCIA, ID_BANCO, TIPO_CONTA, SALDO) VALUES (CONTA_SEQ.NEXTVAL, '0002', '011', 2, 30000);
INSERT INTO CONTA (CODIGO, CODIGO_AGENCIA, ID_BANCO, TIPO_CONTA, SALDO) VALUES (CONTA_SEQ.NEXTVAL, '0002', '011', 2, 5000);
INSERT INTO CONTA (CODIGO, CODIGO_AGENCIA, ID_BANCO, TIPO_CONTA, SALDO) VALUES (CONTA_SEQ.NEXTVAL, '0002', '011', 3, 50000);
INSERT INTO CONTA (CODIGO, CODIGO_AGENCIA, ID_BANCO, TIPO_CONTA, SALDO) VALUES (CONTA_SEQ.NEXTVAL, '0101', '011', 3, 50000);
INSERT INTO CONTA (CODIGO, CODIGO_AGENCIA, ID_BANCO, TIPO_CONTA, SALDO) VALUES (CONTA_SEQ.NEXTVAL, '0101', '011', 3, 50000);
INSERT INTO CONTA (CODIGO, CODIGO_AGENCIA, ID_BANCO, TIPO_CONTA, SALDO) VALUES (CONTA_SEQ.NEXTVAL, '0101', '011', 4, 5000000);
INSERT INTO CONTA (CODIGO, CODIGO_AGENCIA, ID_BANCO, TIPO_CONTA, SALDO) VALUES (CONTA_SEQ.NEXTVAL, '0101', '011', 4, 400000);

INSERT INTO CONTA (CODIGO, CODIGO_AGENCIA, ID_BANCO, TIPO_CONTA, SALDO) VALUES (CONTA_SEQ.NEXTVAL, '0001', '241', 1, 100000);
INSERT INTO CONTA (CODIGO, CODIGO_AGENCIA, ID_BANCO, TIPO_CONTA, SALDO) VALUES (CONTA_SEQ.NEXTVAL, '0001', '241', 1, 1000000);
INSERT INTO CONTA (CODIGO, CODIGO_AGENCIA, ID_BANCO, TIPO_CONTA, SALDO) VALUES (CONTA_SEQ.NEXTVAL, '0001', '241', 2, 150000);
INSERT INTO CONTA (CODIGO, CODIGO_AGENCIA, ID_BANCO, TIPO_CONTA, SALDO) VALUES (CONTA_SEQ.NEXTVAL, '0001', '241', 2, 30000);
INSERT INTO CONTA (CODIGO, CODIGO_AGENCIA, ID_BANCO, TIPO_CONTA, SALDO) VALUES (CONTA_SEQ.NEXTVAL, '0001', '241', 2, 5000);
INSERT INTO CONTA (CODIGO, CODIGO_AGENCIA, ID_BANCO, TIPO_CONTA, SALDO) VALUES (CONTA_SEQ.NEXTVAL, '0001', '241', 3, 50000);
INSERT INTO CONTA (CODIGO, CODIGO_AGENCIA, ID_BANCO, TIPO_CONTA, SALDO) VALUES (CONTA_SEQ.NEXTVAL, '0001', '241', 3, 50000);
INSERT INTO CONTA (CODIGO, CODIGO_AGENCIA, ID_BANCO, TIPO_CONTA, SALDO) VALUES (CONTA_SEQ.NEXTVAL, '0001', '241', 3, 50000);
INSERT INTO CONTA (CODIGO, CODIGO_AGENCIA, ID_BANCO, TIPO_CONTA, SALDO) VALUES (CONTA_SEQ.NEXTVAL, '0001', '241', 4, 5000000);
INSERT INTO CONTA (CODIGO, CODIGO_AGENCIA, ID_BANCO, TIPO_CONTA, SALDO) VALUES (CONTA_SEQ.NEXTVAL, '0001', '241', 4, 400000);

INSERT INTO CONTA (CODIGO, CODIGO_AGENCIA, ID_BANCO, TIPO_CONTA, SALDO) VALUES (CONTA_SEQ.NEXTVAL, '0001', '307', 1, 100000);
INSERT INTO CONTA (CODIGO, CODIGO_AGENCIA, ID_BANCO, TIPO_CONTA, SALDO) VALUES (CONTA_SEQ.NEXTVAL, '0001', '307', 1, 1000000);
INSERT INTO CONTA (CODIGO, CODIGO_AGENCIA, ID_BANCO, TIPO_CONTA, SALDO) VALUES (CONTA_SEQ.NEXTVAL, '0001', '307', 2, 150000);
INSERT INTO CONTA (CODIGO, CODIGO_AGENCIA, ID_BANCO, TIPO_CONTA, SALDO) VALUES (CONTA_SEQ.NEXTVAL, '8761', '307', 2, 30000);
INSERT INTO CONTA (CODIGO, CODIGO_AGENCIA, ID_BANCO, TIPO_CONTA, SALDO) VALUES (CONTA_SEQ.NEXTVAL, '8761', '307', 2, 5000);
INSERT INTO CONTA (CODIGO, CODIGO_AGENCIA, ID_BANCO, TIPO_CONTA, SALDO) VALUES (CONTA_SEQ.NEXTVAL, '8761', '307', 3, 50000);
INSERT INTO CONTA (CODIGO, CODIGO_AGENCIA, ID_BANCO, TIPO_CONTA, SALDO) VALUES (CONTA_SEQ.NEXTVAL, '4567', '307', 3, 50000);
INSERT INTO CONTA (CODIGO, CODIGO_AGENCIA, ID_BANCO, TIPO_CONTA, SALDO) VALUES (CONTA_SEQ.NEXTVAL, '4567', '307', 3, 50000);
INSERT INTO CONTA (CODIGO, CODIGO_AGENCIA, ID_BANCO, TIPO_CONTA, SALDO) VALUES (CONTA_SEQ.NEXTVAL, '4567', '307', 4, 5000000);
INSERT INTO CONTA (CODIGO, CODIGO_AGENCIA, ID_BANCO, TIPO_CONTA, SALDO) VALUES (CONTA_SEQ.NEXTVAL, '4567', '307', 4, 400000);

--ADIÇÃO CLIENTES

INSERT INTO CLIENTE (CPF, NOME, DATA_NASCIMENTO, ESTADO_CIVIL) VALUES ('365.800.000-00', 'JOÃO', '16/10/1992', 'SOLTEIRX');
INSERT INTO CLIENTE (CPF, NOME, DATA_NASCIMENTO, ESTADO_CIVIL) VALUES ('365.800.000-01', 'PEDRO', '26/10/1999', 'SOLTEIRX');
INSERT INTO CLIENTE (CPF, NOME, DATA_NASCIMENTO, ESTADO_CIVIL) VALUES ('365.800.000-02', 'MARCIA', '29/10/1970', 'SOLTEIRX');
INSERT INTO CLIENTE (CPF, NOME, DATA_NASCIMENTO, ESTADO_CIVIL) VALUES ('365.800.000-03', 'CLAUDIO', '18/10/1969', 'SOLTEIRX');
INSERT INTO CLIENTE (CPF, NOME, DATA_NASCIMENTO, ESTADO_CIVIL) VALUES ('365.800.000-04', 'RENATA', '07/09/1977', 'SOLTEIRX');
INSERT INTO CLIENTE (CPF, NOME, DATA_NASCIMENTO, ESTADO_CIVIL) VALUES ('365.800.000-05', 'JOAQUIM', '03/10/1992', 'SOLTEIRX');
INSERT INTO CLIENTE (CPF, NOME, DATA_NASCIMENTO, ESTADO_CIVIL) VALUES ('365.800.000-06', 'JAMES', '28/12/1992', 'SOLTEIRX');
INSERT INTO CLIENTE (CPF, NOME, DATA_NASCIMENTO, ESTADO_CIVIL) VALUES ('365.800.000-07', 'JORGE', '28/05/1992', 'SOLTEIRX');
INSERT INTO CLIENTE (CPF, NOME, DATA_NASCIMENTO, ESTADO_CIVIL) VALUES ('365.800.000-08', 'PAULA', '28/11/1992', 'SOLTEIRX');
INSERT INTO CLIENTE (CPF, NOME, DATA_NASCIMENTO, ESTADO_CIVIL) VALUES ('365.800.000-09', 'BARBARA', '28/10/1997', 'SOLTEIRX');
INSERT INTO CLIENTE (CPF, NOME, DATA_NASCIMENTO, ESTADO_CIVIL) VALUES ('365.800.000-10', 'JOÃO', '28/10/1992', 'CASADX');
INSERT INTO CLIENTE (CPF, NOME, DATA_NASCIMENTO, ESTADO_CIVIL) VALUES ('365.800.000-11', 'TIAGO', '28/10/1992', 'CASADX');
INSERT INTO CLIENTE (CPF, NOME, DATA_NASCIMENTO, ESTADO_CIVIL) VALUES ('365.800.000-12', 'FABRICIO', '28/10/1992', 'CASADX');
INSERT INTO CLIENTE (CPF, NOME, DATA_NASCIMENTO, ESTADO_CIVIL) VALUES ('365.800.000-13', 'JAQUELINE', '28/10/1992', 'CASADX');
INSERT INTO CLIENTE (CPF, NOME, DATA_NASCIMENTO, ESTADO_CIVIL) VALUES ('365.800.000-14', 'MILENA', '28/10/1992', 'CASADX');
INSERT INTO CLIENTE (CPF, NOME, DATA_NASCIMENTO, ESTADO_CIVIL) VALUES ('365.800.000-15', 'TAIS', '28/10/1992', 'CASADX');
INSERT INTO CLIENTE (CPF, NOME, DATA_NASCIMENTO, ESTADO_CIVIL) VALUES ('365.800.000-16', 'JOACIR', '28/10/1992', 'CASADX');
INSERT INTO CLIENTE (CPF, NOME, DATA_NASCIMENTO, ESTADO_CIVIL) VALUES ('365.800.000-17', 'IVETE', '28/10/1992', 'CASADX');
INSERT INTO CLIENTE (CPF, NOME, DATA_NASCIMENTO, ESTADO_CIVIL) VALUES ('365.800.000-18', 'LEGOLAS', '28/10/1992', 'CASADX');
INSERT INTO CLIENTE (CPF, NOME, DATA_NASCIMENTO, ESTADO_CIVIL) VALUES ('365.800.000-19', 'JOÃO', '18/07/1952', 'DIVORCIADX');
INSERT INTO CLIENTE (CPF, NOME, DATA_NASCIMENTO, ESTADO_CIVIL) VALUES ('365.800.000-20', 'JOÃO', '14/12/1962', 'DIVORCIADX');
INSERT INTO CLIENTE (CPF, NOME, DATA_NASCIMENTO, ESTADO_CIVIL) VALUES ('365.800.000-21', 'JOÃO', '16/09/1972', 'DIVORCIADX');
INSERT INTO CLIENTE (CPF, NOME, DATA_NASCIMENTO, ESTADO_CIVIL) VALUES ('365.800.000-22', 'JOÃO', '05/04/1982', 'DIVORCIADX');
INSERT INTO CLIENTE (CPF, NOME, DATA_NASCIMENTO, ESTADO_CIVIL) VALUES ('365.800.000-23', 'CARLOS', '03/01/1992', 'DIVORCIADX');
INSERT INTO CLIENTE (CPF, NOME, DATA_NASCIMENTO, ESTADO_CIVIL) VALUES ('365.800.000-24', 'MAYARA', '29/04/2002', 'DIVORCIADX');
INSERT INTO CLIENTE (CPF, NOME, DATA_NASCIMENTO, ESTADO_CIVIL) VALUES ('365.800.000-25', 'RONALDO', '12/04/1977', 'DIVORCIADX');
INSERT INTO CLIENTE (CPF, NOME, DATA_NASCIMENTO, ESTADO_CIVIL) VALUES ('365.800.000-26', 'GABRIEL', '23/05/1975', 'DIVORCIADX');
INSERT INTO CLIENTE (CPF, NOME, DATA_NASCIMENTO, ESTADO_CIVIL) VALUES ('365.800.000-27', 'JUSSARA', '25/11/1989', 'DIVORCIADX');
INSERT INTO CLIENTE (CPF, NOME, DATA_NASCIMENTO, ESTADO_CIVIL) VALUES ('365.800.000-28', 'KELLY', '01/10/1948', 'DIVORCIADX');
INSERT INTO CLIENTE (CPF, NOME, DATA_NASCIMENTO, ESTADO_CIVIL) VALUES ('365.800.000-29', 'CARLOS', '28/10/1942', 'VIUVX');
INSERT INTO CLIENTE (CPF, NOME, DATA_NASCIMENTO, ESTADO_CIVIL) VALUES ('365.800.000-30', 'ANGELICA', '16/10/1992', 'UNIÃO ESTÁVEL');
SELECT * FROM CLIENTE;

--ADICAO ENDERECO_CLIENTES

INSERT INTO ESTADO (ID_ESTADO, ID_PAIS, NOME) VALUES (ESTADO_SEQ.NEXTVAL, 1, 'RIO GRANDE DO SUL');
INSERT INTO CIDADE (ID_CIDADE, ID_ESTADO, NOME) VALUES (CIDADE_SEQ.NEXTVAL, 6, 'PORTO ALEGRE');
INSERT INTO BAIRRO (ID_BAIRRO, ID_CIDADE, ID_ESTADO, NOME) VALUES (BAIRRO_SEQ.NEXTVAL, 6, 6, 'NA');

INSERT INTO ENDERECO (ID_ENDERECO, ID_BAIRRO, ID_CIDADE, LOGRADOURO, NUMERO) VALUES (ENDERECO_SEQ.NEXTVAL, 6, 6, 'RUA 1', 122);
INSERT INTO ENDERECO (ID_ENDERECO, ID_BAIRRO, ID_CIDADE, LOGRADOURO, NUMERO) VALUES (ENDERECO_SEQ.NEXTVAL, 6, 6, 'RUA 2', 123);
INSERT INTO ENDERECO (ID_ENDERECO, ID_BAIRRO, ID_CIDADE, LOGRADOURO, NUMERO) VALUES (ENDERECO_SEQ.NEXTVAL, 6, 6, 'RUA 3', 423);
INSERT INTO ENDERECO (ID_ENDERECO, ID_BAIRRO, ID_CIDADE, LOGRADOURO, NUMERO) VALUES (ENDERECO_SEQ.NEXTVAL, 6, 6, 'RUA 1', 766);
INSERT INTO ENDERECO (ID_ENDERECO, ID_BAIRRO, ID_CIDADE, LOGRADOURO, NUMERO) VALUES (ENDERECO_SEQ.NEXTVAL, 6, 6, 'RUA 7', 434);
INSERT INTO ENDERECO (ID_ENDERECO, ID_BAIRRO, ID_CIDADE, LOGRADOURO, NUMERO) VALUES (ENDERECO_SEQ.NEXTVAL, 6, 6, 'RUA 10', 2435);
INSERT INTO ENDERECO (ID_ENDERECO, ID_BAIRRO, ID_CIDADE, LOGRADOURO, NUMERO) VALUES (ENDERECO_SEQ.NEXTVAL, 6, 6, 'RUA 5', 98);
INSERT INTO ENDERECO (ID_ENDERECO, ID_BAIRRO, ID_CIDADE, LOGRADOURO, NUMERO) VALUES (ENDERECO_SEQ.NEXTVAL, 6, 6, 'RUA 1', 11);
INSERT INTO ENDERECO (ID_ENDERECO, ID_BAIRRO, ID_CIDADE, LOGRADOURO, NUMERO) VALUES (ENDERECO_SEQ.NEXTVAL, 6, 6, 'RUA 3', 234);
INSERT INTO ENDERECO (ID_ENDERECO, ID_BAIRRO, ID_CIDADE, LOGRADOURO, NUMERO) VALUES (ENDERECO_SEQ.NEXTVAL, 6, 6, 'RUA 8', 54);
INSERT INTO ENDERECO (ID_ENDERECO, ID_BAIRRO, ID_CIDADE, LOGRADOURO, NUMERO) VALUES (ENDERECO_SEQ.NEXTVAL, 6, 6, 'RUA 10', 1200);
INSERT INTO ENDERECO (ID_ENDERECO, ID_BAIRRO, ID_CIDADE, LOGRADOURO, NUMERO) VALUES (ENDERECO_SEQ.NEXTVAL, 6, 6, 'RUA 12', 44);
INSERT INTO ENDERECO (ID_ENDERECO, ID_BAIRRO, ID_CIDADE, LOGRADOURO, NUMERO) VALUES (ENDERECO_SEQ.NEXTVAL, 6, 6, 'RUA 6', 33);
INSERT INTO ENDERECO (ID_ENDERECO, ID_BAIRRO, ID_CIDADE, LOGRADOURO, NUMERO) VALUES (ENDERECO_SEQ.NEXTVAL, 6, 6, 'RUA 9', 1200);
INSERT INTO ENDERECO (ID_ENDERECO, ID_BAIRRO, ID_CIDADE, LOGRADOURO, NUMERO) VALUES (ENDERECO_SEQ.NEXTVAL, 6, 6, 'RUA 4', 1200);
INSERT INTO ENDERECO (ID_ENDERECO, ID_BAIRRO, ID_CIDADE, LOGRADOURO, NUMERO) VALUES (ENDERECO_SEQ.NEXTVAL, 6, 6, 'RUA 2', 876);
INSERT INTO ENDERECO (ID_ENDERECO, ID_BAIRRO, ID_CIDADE, LOGRADOURO, NUMERO) VALUES (ENDERECO_SEQ.NEXTVAL, 6, 6, 'RUA 8', 234);
INSERT INTO ENDERECO (ID_ENDERECO, ID_BAIRRO, ID_CIDADE, LOGRADOURO, NUMERO) VALUES (ENDERECO_SEQ.NEXTVAL, 6, 6, 'RUA 7', 8765);
INSERT INTO ENDERECO (ID_ENDERECO, ID_BAIRRO, ID_CIDADE, LOGRADOURO, NUMERO) VALUES (ENDERECO_SEQ.NEXTVAL, 6, 6, 'RUA 4', 33);
INSERT INTO ENDERECO (ID_ENDERECO, ID_BAIRRO, ID_CIDADE, LOGRADOURO, NUMERO) VALUES (ENDERECO_SEQ.NEXTVAL, 6, 6, 'RUA 7', 1);
INSERT INTO ENDERECO (ID_ENDERECO, ID_BAIRRO, ID_CIDADE, LOGRADOURO, NUMERO) VALUES (ENDERECO_SEQ.NEXTVAL, 6, 6, 'RUA 1', 987);
INSERT INTO ENDERECO (ID_ENDERECO, ID_BAIRRO, ID_CIDADE, LOGRADOURO, NUMERO) VALUES (ENDERECO_SEQ.NEXTVAL, 6, 6, 'RUA 2', 111);
INSERT INTO ENDERECO (ID_ENDERECO, ID_BAIRRO, ID_CIDADE, LOGRADOURO, NUMERO) VALUES (ENDERECO_SEQ.NEXTVAL, 6, 6, 'RUA 10', 234);
INSERT INTO ENDERECO (ID_ENDERECO, ID_BAIRRO, ID_CIDADE, LOGRADOURO, NUMERO) VALUES (ENDERECO_SEQ.NEXTVAL, 6, 6, 'RUA 88', 123);
INSERT INTO ENDERECO (ID_ENDERECO, ID_BAIRRO, ID_CIDADE, LOGRADOURO, NUMERO) VALUES (ENDERECO_SEQ.NEXTVAL, 6, 6, 'RUA 89', 123);
INSERT INTO ENDERECO (ID_ENDERECO, ID_BAIRRO, ID_CIDADE, LOGRADOURO, NUMERO) VALUES (ENDERECO_SEQ.NEXTVAL, 6, 6, 'RUA 12', 670);
INSERT INTO ENDERECO (ID_ENDERECO, ID_BAIRRO, ID_CIDADE, LOGRADOURO, NUMERO) VALUES (ENDERECO_SEQ.NEXTVAL, 6, 6, 'RUA 11', 654);
INSERT INTO ENDERECO (ID_ENDERECO, ID_BAIRRO, ID_CIDADE, LOGRADOURO, NUMERO) VALUES (ENDERECO_SEQ.NEXTVAL, 6, 6, 'RUA 5', 321);
INSERT INTO ENDERECO (ID_ENDERECO, ID_BAIRRO, ID_CIDADE, LOGRADOURO, NUMERO) VALUES (ENDERECO_SEQ.NEXTVAL, 6, 6, 'RUA 1', 123);
INSERT INTO ENDERECO (ID_ENDERECO, ID_BAIRRO, ID_CIDADE, LOGRADOURO, NUMERO) VALUES (ENDERECO_SEQ.NEXTVAL, 6, 6, 'RUA 6', 670);
INSERT INTO ENDERECO (ID_ENDERECO, ID_BAIRRO, ID_CIDADE, LOGRADOURO, NUMERO) VALUES (ENDERECO_SEQ.NEXTVAL, 6, 6, 'RUA 12', 670);
INSERT INTO ENDERECO (ID_ENDERECO, ID_BAIRRO, ID_CIDADE, LOGRADOURO, NUMERO) VALUES (ENDERECO_SEQ.NEXTVAL, 4, 4, 'RUA 11', 654);
INSERT INTO ENDERECO (ID_ENDERECO, ID_BAIRRO, ID_CIDADE, LOGRADOURO, NUMERO) VALUES (ENDERECO_SEQ.NEXTVAL, 4, 4, 'RUA 5', 321);
INSERT INTO ENDERECO (ID_ENDERECO, ID_BAIRRO, ID_CIDADE, LOGRADOURO, NUMERO) VALUES (ENDERECO_SEQ.NEXTVAL, 4, 4, 'RUA 1', 123);
INSERT INTO ENDERECO (ID_ENDERECO, ID_BAIRRO, ID_CIDADE, LOGRADOURO, NUMERO) VALUES (ENDERECO_SEQ.NEXTVAL, 4, 4, 'RUA 6', 670);

INSERT INTO CLIENTE_X_ENDERECO (ID_CLIENTE, ID_ENDERECO) VALUES ('365.800.000-01', 8);
INSERT INTO CLIENTE_X_ENDERECO (ID_CLIENTE, ID_ENDERECO) VALUES ('365.800.000-02', 9);
INSERT INTO CLIENTE_X_ENDERECO (ID_CLIENTE, ID_ENDERECO) VALUES ('365.800.000-03', 10);
INSERT INTO CLIENTE_X_ENDERECO (ID_CLIENTE, ID_ENDERECO) VALUES ('365.800.000-04', 11);
INSERT INTO CLIENTE_X_ENDERECO (ID_CLIENTE, ID_ENDERECO) VALUES ('365.800.000-05', 12);
INSERT INTO CLIENTE_X_ENDERECO (ID_CLIENTE, ID_ENDERECO) VALUES ('365.800.000-06', 13);
INSERT INTO CLIENTE_X_ENDERECO (ID_CLIENTE, ID_ENDERECO) VALUES ('365.800.000-07', 14);
INSERT INTO CLIENTE_X_ENDERECO (ID_CLIENTE, ID_ENDERECO) VALUES ('365.800.000-08', 15);
INSERT INTO CLIENTE_X_ENDERECO (ID_CLIENTE, ID_ENDERECO) VALUES ('365.800.000-09', 16);
INSERT INTO CLIENTE_X_ENDERECO (ID_CLIENTE, ID_ENDERECO) VALUES ('365.800.000-10', 17);
INSERT INTO CLIENTE_X_ENDERECO (ID_CLIENTE, ID_ENDERECO) VALUES ('365.800.000-11', 18);
INSERT INTO CLIENTE_X_ENDERECO (ID_CLIENTE, ID_ENDERECO) VALUES ('365.800.000-12', 19);
INSERT INTO CLIENTE_X_ENDERECO (ID_CLIENTE, ID_ENDERECO) VALUES ('365.800.000-13', 20);
INSERT INTO CLIENTE_X_ENDERECO (ID_CLIENTE, ID_ENDERECO) VALUES ('365.800.000-14', 21);
INSERT INTO CLIENTE_X_ENDERECO (ID_CLIENTE, ID_ENDERECO) VALUES ('365.800.000-15', 22);
INSERT INTO CLIENTE_X_ENDERECO (ID_CLIENTE, ID_ENDERECO) VALUES ('365.800.000-16', 23);
INSERT INTO CLIENTE_X_ENDERECO (ID_CLIENTE, ID_ENDERECO) VALUES ('365.800.000-17', 24);
INSERT INTO CLIENTE_X_ENDERECO (ID_CLIENTE, ID_ENDERECO) VALUES ('365.800.000-18', 25);
INSERT INTO CLIENTE_X_ENDERECO (ID_CLIENTE, ID_ENDERECO) VALUES ('365.800.000-19', 26);
INSERT INTO CLIENTE_X_ENDERECO (ID_CLIENTE, ID_ENDERECO) VALUES ('365.800.000-20', 27);
INSERT INTO CLIENTE_X_ENDERECO (ID_CLIENTE, ID_ENDERECO) VALUES ('365.800.000-21', 28);
INSERT INTO CLIENTE_X_ENDERECO (ID_CLIENTE, ID_ENDERECO) VALUES ('365.800.000-22', 29);
INSERT INTO CLIENTE_X_ENDERECO (ID_CLIENTE, ID_ENDERECO) VALUES ('365.800.000-23', 30);
INSERT INTO CLIENTE_X_ENDERECO (ID_CLIENTE, ID_ENDERECO) VALUES ('365.800.000-24', 31);
INSERT INTO CLIENTE_X_ENDERECO (ID_CLIENTE, ID_ENDERECO) VALUES ('365.800.000-25', 32);
INSERT INTO CLIENTE_X_ENDERECO (ID_CLIENTE, ID_ENDERECO) VALUES ('365.800.000-26', 33);
INSERT INTO CLIENTE_X_ENDERECO (ID_CLIENTE, ID_ENDERECO) VALUES ('365.800.000-27', 34);
INSERT INTO CLIENTE_X_ENDERECO (ID_CLIENTE, ID_ENDERECO) VALUES ('365.800.000-28', 35);
INSERT INTO CLIENTE_X_ENDERECO (ID_CLIENTE, ID_ENDERECO) VALUES ('365.800.000-29', 36);
INSERT INTO CLIENTE_X_ENDERECO (ID_CLIENTE, ID_ENDERECO) VALUES ('365.800.000-30', 37);
INSERT INTO CLIENTE_X_ENDERECO (ID_CLIENTE, ID_ENDERECO) VALUES ('365.800.000-15', 38); --
INSERT INTO CLIENTE_X_ENDERECO (ID_CLIENTE, ID_ENDERECO) VALUES ('365.800.000-12', 39);
INSERT INTO CLIENTE_X_ENDERECO (ID_CLIENTE, ID_ENDERECO) VALUES ('365.800.000-01', 40);
INSERT INTO CLIENTE_X_ENDERECO (ID_CLIENTE, ID_ENDERECO) VALUES ('365.800.000-05', 41);

--RELAÇÃO CLIENTE-CONTA

INSERT INTO CLIENTE_X_CONTA (ID_CLIENTE, CODIGO, ID_BANCO, TIPO_CONTA) VALUES ('365.800.000-01', 1, '011', 1);
INSERT INTO CLIENTE_X_CONTA (ID_CLIENTE, CODIGO, ID_BANCO, TIPO_CONTA) VALUES ('365.800.000-02', 1, '011', 1);
INSERT INTO CLIENTE_X_CONTA (ID_CLIENTE, CODIGO, ID_BANCO, TIPO_CONTA) VALUES ('365.800.000-03', 1, '011', 1);
INSERT INTO CLIENTE_X_CONTA (ID_CLIENTE, CODIGO, ID_BANCO, TIPO_CONTA) VALUES ('365.800.000-04', 2, '011', 1);
INSERT INTO CLIENTE_X_CONTA (ID_CLIENTE, CODIGO, ID_BANCO, TIPO_CONTA) VALUES ('365.800.000-05', 2, '011', 1);
INSERT INTO CLIENTE_X_CONTA (ID_CLIENTE, CODIGO, ID_BANCO, TIPO_CONTA) VALUES ('365.800.000-06', 2, '011', 1);
INSERT INTO CLIENTE_X_CONTA (ID_CLIENTE, CODIGO, ID_BANCO, TIPO_CONTA) VALUES ('365.800.000-07', 3, '011', 2);
INSERT INTO CLIENTE_X_CONTA (ID_CLIENTE, CODIGO, ID_BANCO, TIPO_CONTA) VALUES ('365.800.000-08', 3, '011', 2);
INSERT INTO CLIENTE_X_CONTA (ID_CLIENTE, CODIGO, ID_BANCO, TIPO_CONTA) VALUES ('365.800.000-09', 4, '011', 2);
INSERT INTO CLIENTE_X_CONTA (ID_CLIENTE, CODIGO, ID_BANCO, TIPO_CONTA) VALUES ('365.800.000-10', 4, '011', 2);
INSERT INTO CLIENTE_X_CONTA (ID_CLIENTE, CODIGO, ID_BANCO, TIPO_CONTA) VALUES ('365.800.000-01', 5, '011', 2);
INSERT INTO CLIENTE_X_CONTA (ID_CLIENTE, CODIGO, ID_BANCO, TIPO_CONTA) VALUES ('365.800.000-02', 5, '011', 2);
INSERT INTO CLIENTE_X_CONTA (ID_CLIENTE, CODIGO, ID_BANCO, TIPO_CONTA) VALUES ('365.800.000-01', 6, '011', 3);
INSERT INTO CLIENTE_X_CONTA (ID_CLIENTE, CODIGO, ID_BANCO, TIPO_CONTA) VALUES ('365.800.000-02', 7, '011', 3);
INSERT INTO CLIENTE_X_CONTA (ID_CLIENTE, CODIGO, ID_BANCO, TIPO_CONTA) VALUES ('365.800.000-03', 8, '011', 3);
INSERT INTO CLIENTE_X_CONTA (ID_CLIENTE, CODIGO, ID_BANCO, TIPO_CONTA) VALUES ('365.800.000-04', 9, '011', 3);
INSERT INTO CLIENTE_X_CONTA (ID_CLIENTE, CODIGO, ID_BANCO, TIPO_CONTA) VALUES ('365.800.000-05', 10, '011', 3);

INSERT INTO CLIENTE_X_CONTA (ID_CLIENTE, CODIGO, ID_BANCO, TIPO_CONTA) VALUES ('365.800.000-11', 11, '241', 1);
INSERT INTO CLIENTE_X_CONTA (ID_CLIENTE, CODIGO, ID_BANCO, TIPO_CONTA) VALUES ('365.800.000-12', 11, '241', 1);
INSERT INTO CLIENTE_X_CONTA (ID_CLIENTE, CODIGO, ID_BANCO, TIPO_CONTA) VALUES ('365.800.000-13', 11, '241', 1);
INSERT INTO CLIENTE_X_CONTA (ID_CLIENTE, CODIGO, ID_BANCO, TIPO_CONTA) VALUES ('365.800.000-14', 12, '241', 1);
INSERT INTO CLIENTE_X_CONTA (ID_CLIENTE, CODIGO, ID_BANCO, TIPO_CONTA) VALUES ('365.800.000-15', 12, '241', 1);
INSERT INTO CLIENTE_X_CONTA (ID_CLIENTE, CODIGO, ID_BANCO, TIPO_CONTA) VALUES ('365.800.000-16', 12, '241', 1);
INSERT INTO CLIENTE_X_CONTA (ID_CLIENTE, CODIGO, ID_BANCO, TIPO_CONTA) VALUES ('365.800.000-17', 13, '241', 2);
INSERT INTO CLIENTE_X_CONTA (ID_CLIENTE, CODIGO, ID_BANCO, TIPO_CONTA) VALUES ('365.800.000-18', 13, '241', 2);
INSERT INTO CLIENTE_X_CONTA (ID_CLIENTE, CODIGO, ID_BANCO, TIPO_CONTA) VALUES ('365.800.000-19', 14, '241', 2);
INSERT INTO CLIENTE_X_CONTA (ID_CLIENTE, CODIGO, ID_BANCO, TIPO_CONTA) VALUES ('365.800.000-20', 14, '241', 2);
INSERT INTO CLIENTE_X_CONTA (ID_CLIENTE, CODIGO, ID_BANCO, TIPO_CONTA) VALUES ('365.800.000-21', 15, '241', 2);
INSERT INTO CLIENTE_X_CONTA (ID_CLIENTE, CODIGO, ID_BANCO, TIPO_CONTA) VALUES ('365.800.000-22', 15, '241', 2);
INSERT INTO CLIENTE_X_CONTA (ID_CLIENTE, CODIGO, ID_BANCO, TIPO_CONTA) VALUES ('365.800.000-11', 16, '241', 3);
INSERT INTO CLIENTE_X_CONTA (ID_CLIENTE, CODIGO, ID_BANCO, TIPO_CONTA) VALUES ('365.800.000-12', 17, '241', 3);
INSERT INTO CLIENTE_X_CONTA (ID_CLIENTE, CODIGO, ID_BANCO, TIPO_CONTA) VALUES ('365.800.000-13', 18, '241', 3);
INSERT INTO CLIENTE_X_CONTA (ID_CLIENTE, CODIGO, ID_BANCO, TIPO_CONTA) VALUES ('365.800.000-14', 19, '241', 3);
INSERT INTO CLIENTE_X_CONTA (ID_CLIENTE, CODIGO, ID_BANCO, TIPO_CONTA) VALUES ('365.800.000-15', 20, '241', 3);

INSERT INTO CLIENTE_X_CONTA (ID_CLIENTE, CODIGO, ID_BANCO, TIPO_CONTA) VALUES ('365.800.000-23', 21, '307', 1);
INSERT INTO CLIENTE_X_CONTA (ID_CLIENTE, CODIGO, ID_BANCO, TIPO_CONTA) VALUES ('365.800.000-24', 21, '307', 1);
INSERT INTO CLIENTE_X_CONTA (ID_CLIENTE, CODIGO, ID_BANCO, TIPO_CONTA) VALUES ('365.800.000-25', 21, '307', 1);
INSERT INTO CLIENTE_X_CONTA (ID_CLIENTE, CODIGO, ID_BANCO, TIPO_CONTA) VALUES ('365.800.000-26', 22, '307', 1);
INSERT INTO CLIENTE_X_CONTA (ID_CLIENTE, CODIGO, ID_BANCO, TIPO_CONTA) VALUES ('365.800.000-27', 22, '307', 1);
INSERT INTO CLIENTE_X_CONTA (ID_CLIENTE, CODIGO, ID_BANCO, TIPO_CONTA) VALUES ('365.800.000-28', 22, '307', 1);
INSERT INTO CLIENTE_X_CONTA (ID_CLIENTE, CODIGO, ID_BANCO, TIPO_CONTA) VALUES ('365.800.000-29', 23, '307', 2);
INSERT INTO CLIENTE_X_CONTA (ID_CLIENTE, CODIGO, ID_BANCO, TIPO_CONTA) VALUES ('365.800.000-30', 23, '307', 2);
INSERT INTO CLIENTE_X_CONTA (ID_CLIENTE, CODIGO, ID_BANCO, TIPO_CONTA) VALUES ('365.800.000-01', 24, '307', 2);--
INSERT INTO CLIENTE_X_CONTA (ID_CLIENTE, CODIGO, ID_BANCO, TIPO_CONTA) VALUES ('365.800.000-02', 24, '307', 2);
INSERT INTO CLIENTE_X_CONTA (ID_CLIENTE, CODIGO, ID_BANCO, TIPO_CONTA) VALUES ('365.800.000-03', 25, '307', 2);
INSERT INTO CLIENTE_X_CONTA (ID_CLIENTE, CODIGO, ID_BANCO, TIPO_CONTA) VALUES ('365.800.000-04', 25, '307', 2);
INSERT INTO CLIENTE_X_CONTA (ID_CLIENTE, CODIGO, ID_BANCO, TIPO_CONTA) VALUES ('365.800.000-23', 26, '307', 3);--
INSERT INTO CLIENTE_X_CONTA (ID_CLIENTE, CODIGO, ID_BANCO, TIPO_CONTA) VALUES ('365.800.000-24', 27, '307', 3);
INSERT INTO CLIENTE_X_CONTA (ID_CLIENTE, CODIGO, ID_BANCO, TIPO_CONTA) VALUES ('365.800.000-25', 28, '307', 3);
INSERT INTO CLIENTE_X_CONTA (ID_CLIENTE, CODIGO, ID_BANCO, TIPO_CONTA) VALUES ('365.800.000-26', 29, '307', 3);
INSERT INTO CLIENTE_X_CONTA (ID_CLIENTE, CODIGO, ID_BANCO, TIPO_CONTA) VALUES ('365.800.000-27', 30, '307', 3);

--ADICAO DE GERENTES

INSERT INTO GERENTE (CPF, FK_CODIGO, ID_BANCO, CODIGO_FUNCIONARIO, TIPO_GERENTE) VALUES ('365.800.000-10', '0001', '011', 1, 'GC');
INSERT INTO GERENTE (CPF, FK_CODIGO, ID_BANCO, CODIGO_FUNCIONARIO, TIPO_GERENTE) VALUES ('365.800.000-11', '0001', '011', 2, 'GG');
INSERT INTO GERENTE (CPF, FK_CODIGO, ID_BANCO, CODIGO_FUNCIONARIO, TIPO_GERENTE) VALUES ('365.800.000-12', '0002', '011', 3, 'GC');
INSERT INTO GERENTE (CPF, FK_CODIGO, ID_BANCO, CODIGO_FUNCIONARIO, TIPO_GERENTE) VALUES ('365.800.000-13', '0002', '011', 4, 'GG');
INSERT INTO GERENTE (CPF, FK_CODIGO, ID_BANCO, CODIGO_FUNCIONARIO, TIPO_GERENTE) VALUES ('365.800.000-14', '0101', '011', 5, 'GC');
INSERT INTO GERENTE (CPF, FK_CODIGO, ID_BANCO, CODIGO_FUNCIONARIO, TIPO_GERENTE) VALUES ('365.800.000-15', '0101', '011', 6, 'GG');

INSERT INTO GERENTE (CPF, FK_CODIGO, ID_BANCO, CODIGO_FUNCIONARIO, TIPO_GERENTE) VALUES ('365.800.000-01', '0001', '241', 7, 'GC');
INSERT INTO GERENTE (CPF, FK_CODIGO, ID_BANCO, CODIGO_FUNCIONARIO, TIPO_GERENTE) VALUES ('365.800.000-02', '0001', '241', 8, 'GG');

INSERT INTO GERENTE (CPF, FK_CODIGO, ID_BANCO, CODIGO_FUNCIONARIO, TIPO_GERENTE) VALUES ('365.800.000-03', '0001', '307', 9, 'GG');
INSERT INTO GERENTE (CPF, FK_CODIGO, ID_BANCO, CODIGO_FUNCIONARIO, TIPO_GERENTE) VALUES ('365.800.000-04', '8761', '307', 10, 'GC');
INSERT INTO GERENTE (CPF, FK_CODIGO, ID_BANCO, CODIGO_FUNCIONARIO, TIPO_GERENTE) VALUES ('365.800.000-05', '4567', '307', 11, 'GC');

--RELACAO CONTA GERENTE

SELECT * FROM GERENTE;

INSERT INTO GERENTE_X_CONTA (CPF, CODIGO) VALUES ('365.800.000-10', 1);
INSERT INTO GERENTE_X_CONTA (CPF, CODIGO) VALUES ('365.800.000-10', 2);
INSERT INTO GERENTE_X_CONTA (CPF, CODIGO) VALUES ('365.800.000-11', 2);
INSERT INTO GERENTE_X_CONTA (CPF, CODIGO) VALUES ('365.800.000-12', 3);
INSERT INTO GERENTE_X_CONTA (CPF, CODIGO) VALUES ('365.800.000-12', 4);
INSERT INTO GERENTE_X_CONTA (CPF, CODIGO) VALUES ('365.800.000-13', 5);
INSERT INTO GERENTE_X_CONTA (CPF, CODIGO) VALUES ('365.800.000-13', 6);
INSERT INTO GERENTE_X_CONTA (CPF, CODIGO) VALUES ('365.800.000-14', 7);
INSERT INTO GERENTE_X_CONTA (CPF, CODIGO) VALUES ('365.800.000-14', 8);
INSERT INTO GERENTE_X_CONTA (CPF, CODIGO) VALUES ('365.800.000-15', 9);
INSERT INTO GERENTE_X_CONTA (CPF, CODIGO) VALUES ('365.800.000-15', 10);
INSERT INTO GERENTE_X_CONTA (CPF, CODIGO) VALUES ('365.800.000-01', 11);
INSERT INTO GERENTE_X_CONTA (CPF, CODIGO) VALUES ('365.800.000-01', 12);
INSERT INTO GERENTE_X_CONTA (CPF, CODIGO) VALUES ('365.800.000-02', 13);
INSERT INTO GERENTE_X_CONTA (CPF, CODIGO) VALUES ('365.800.000-02', 14);
INSERT INTO GERENTE_X_CONTA (CPF, CODIGO) VALUES ('365.800.000-03', 15);
INSERT INTO GERENTE_X_CONTA (CPF, CODIGO) VALUES ('365.800.000-03', 16);
INSERT INTO GERENTE_X_CONTA (CPF, CODIGO) VALUES ('365.800.000-04', 17);
INSERT INTO GERENTE_X_CONTA (CPF, CODIGO) VALUES ('365.800.000-04', 18);
INSERT INTO GERENTE_X_CONTA (CPF, CODIGO) VALUES ('365.800.000-05', 19);
INSERT INTO GERENTE_X_CONTA (CPF, CODIGO) VALUES ('365.800.000-05', 20);
INSERT INTO GERENTE_X_CONTA (CPF, CODIGO) VALUES ('365.800.000-10', 21);
INSERT INTO GERENTE_X_CONTA (CPF, CODIGO) VALUES ('365.800.000-11', 22);
INSERT INTO GERENTE_X_CONTA (CPF, CODIGO) VALUES ('365.800.000-12', 23);
INSERT INTO GERENTE_X_CONTA (CPF, CODIGO) VALUES ('365.800.000-13', 24);
INSERT INTO GERENTE_X_CONTA (CPF, CODIGO) VALUES ('365.800.000-14', 25);
INSERT INTO GERENTE_X_CONTA (CPF, CODIGO) VALUES ('365.800.000-15', 26);
INSERT INTO GERENTE_X_CONTA (CPF, CODIGO) VALUES ('365.800.000-01', 27);
INSERT INTO GERENTE_X_CONTA (CPF, CODIGO) VALUES ('365.800.000-02', 28);
INSERT INTO GERENTE_X_CONTA (CPF, CODIGO) VALUES ('365.800.000-03', 29);
INSERT INTO GERENTE_X_CONTA (CPF, CODIGO) VALUES ('365.800.000-04', 30);

